run_id,scenario_id,expected_violation,seed,log_path,baseline_passed,baseline_codes,baseline_time_s,flv_status,flv_violations,flv_time_s
s1_correct-000,s1_correct,(none),1000,runs/s1_correct-000.jsonl,1,,0.001011,FAIL,PRED_FAIL;PRED_FAIL;N_TOO_LOW;PRED_FAIL,0.036394
s1_correct-001,s1_correct,(none),1001,runs/s1_correct-001.jsonl,1,,0.001205,FAIL,PRED_FAIL;PRED_FAIL;N_TOO_LOW;PRED_FAIL,0.030042
s1_correct-002,s1_correct,(none),1002,runs/s1_correct-002.jsonl,1,,0.001178,FAIL,PRED_FAIL;PRED_FAIL;N_TOO_LOW;PRED_FAIL,0.029225
s1_correct-003,s1_correct,(none),1003,runs/s1_correct-003.jsonl,1,,0.001094,FAIL,PRED_FAIL;PRED_FAIL;N_TOO_LOW;PRED_FAIL,0.027946
s1_correct-004,s1_correct,(none),1004,runs/s1_correct-004.jsonl,1,,0.001098,FAIL,PRED_FAIL;PRED_FAIL;N_TOO_LOW;PRED_FAIL,0.028913
s1_correct-005,s1_correct,(none),1005,runs/s1_correct-005.jsonl,1,,0.001152,FAIL,PRED_FAIL;PRED_FAIL;N_TOO_LOW;PRED_FAIL,0.028524
s1_correct-006,s1_correct,(none),1006,runs/s1_correct-006.jsonl,1,,0.001496,FAIL,PRED_FAIL;PRED_FAIL;N_TOO_LOW;PRED_FAIL,0.031137
s1_correct-007,s1_correct,(none),1007,runs/s1_correct-007.jsonl,1,,0.001104,FAIL,PRED_FAIL;PRED_FAIL;N_TOO_LOW;PRED_FAIL,0.028428
s1_correct-008,s1_correct,(none),1008,runs/s1_correct-008.jsonl,1,,0.001115,FAIL,PRED_FAIL;PRED_FAIL;N_TOO_LOW;PRED_FAIL,0.050132
s1_correct-009,s1_correct,(none),1009,runs/s1_correct-009.jsonl,1,,0.001144,FAIL,PRED_FAIL;PRED_FAIL;N_TOO_LOW;PRED_FAIL,0.028661
s1_correct-010,s1_correct,(none),1010,runs/s1_correct-010.jsonl,1,,0.001247,FAIL,PRED_FAIL;PRED_FAIL;N_TOO_LOW;PRED_FAIL,0.028685
s1_correct-011,s1_correct,(none),1011,runs/s1_correct-011.jsonl,1,,0.001142,FAIL,PRED_FAIL;PRED_FAIL;N_TOO_LOW;PRED_FAIL,0.029210
s1_correct-012,s1_correct,(none),1012,runs/s1_correct-012.jsonl,1,,0.001117,FAIL,PRED_FAIL;PRED_FAIL;N_TOO_LOW;PRED_FAIL,0.028996
s1_correct-013,s1_correct,(none),1013,runs/s1_correct-013.jsonl,1,,0.001120,FAIL,PRED_FAIL;PRED_FAIL;N_TOO_LOW;PRED_FAIL,0.029136
s1_correct-014,s1_correct,(none),1014,runs/s1_correct-014.jsonl,1,,0.001131,FAIL,PRED_FAIL;PRED_FAIL;N_TOO_LOW;PRED_FAIL,0.027967
s1_correct-015,s1_correct,(none),1015,runs/s1_correct-015.jsonl,1,,0.001099,FAIL,PRED_FAIL;PRED_FAIL;N_TOO_LOW;PRED_FAIL,0.027764
s1_correct-016,s1_correct,(none),1016,runs/s1_correct-016.jsonl,1,,0.001120,FAIL,PRED_FAIL;PRED_FAIL;N_TOO_LOW;PRED_FAIL,0.029129
s1_correct-017,s1_correct,(none),1017,runs/s1_correct-017.jsonl,1,,0.001140,FAIL,PRED_FAIL;PRED_FAIL;N_TOO_LOW;PRED_FAIL,0.029053
s1_correct-018,s1_correct,(none),1018,runs/s1_correct-018.jsonl,1,,0.001169,FAIL,PRED_FAIL;PRED_FAIL;N_TOO_LOW;PRED_FAIL,0.028198
s1_correct-019,s1_correct,(none),1019,runs/s1_correct-019.jsonl,1,,0.001102,FAIL,PRED_FAIL;PRED_FAIL;N_TOO_LOW;PRED_FAIL,0.028843
s1_correct-020,s1_correct,(none),1020,runs/s1_correct-020.jsonl,1,,0.001189,FAIL,PRED_FAIL;PRED_FAIL;N_TOO_LOW;PRED_FAIL,0.028390
s1_correct-021,s1_correct,(none),1021,runs/s1_correct-021.jsonl,1,,0.001115,FAIL,PRED_FAIL;PRED_FAIL;N_TOO_LOW;PRED_FAIL,0.028782
s1_correct-022,s1_correct,(none),1022,runs/s1_correct-022.jsonl,1,,0.001128,FAIL,PRED_FAIL;PRED_FAIL;N_TOO_LOW;PRED_FAIL,0.028985
s1_correct-023,s1_correct,(none),1023,runs/s1_correct-023.jsonl,1,,0.001139,FAIL,PRED_FAIL;PRED_FAIL;N_TOO_LOW;PRED_FAIL,0.028300
s1_correct-024,s1_correct,(none),1024,runs/s1_correct-024.jsonl,1,,0.001114,FAIL,PRED_FAIL;PRED_FAIL;N_TOO_LOW;PRED_FAIL,0.029415
s1_correct-025,s1_correct,(none),1025,runs/s1_correct-025.jsonl,1,,0.001299,FAIL,PRED_FAIL;PRED_FAIL;N_TOO_LOW;PRED_FAIL,0.028430
s1_correct-026,s1_correct,(none),1026,runs/s1_correct-026.jsonl,1,,0.001191,FAIL,PRED_FAIL;PRED_FAIL;N_TOO_LOW;PRED_FAIL,0.030824
s1_correct-027,s1_correct,(none),1027,runs/s1_correct-027.jsonl,1,,0.001124,FAIL,PRED_FAIL;PRED_FAIL;N_TOO_LOW;PRED_FAIL,0.028387
s1_correct-028,s1_correct,(none),1028,runs/s1_correct-028.jsonl,1,,0.001260,FAIL,PRED_FAIL;PRED_FAIL;N_TOO_LOW;PRED_FAIL,0.030024
s1_correct-029,s1_correct,(none),1029,runs/s1_correct-029.jsonl,1,,0.001111,FAIL,PRED_FAIL;PRED_FAIL;N_TOO_LOW;PRED_FAIL,0.027872
s1_correct-030,s1_correct,(none),1030,runs/s1_correct-030.jsonl,1,,0.001199,FAIL,PRED_FAIL;PRED_FAIL;N_TOO_LOW;PRED_FAIL,0.029052
s1_correct-031,s1_correct,(none),1031,runs/s1_correct-031.jsonl,1,,0.001111,FAIL,PRED_FAIL;PRED_FAIL;N_TOO_LOW;PRED_FAIL,0.028091
s1_correct-032,s1_correct,(none),1032,runs/s1_correct-032.jsonl,1,,0.001143,FAIL,PRED_FAIL;PRED_FAIL;N_TOO_LOW;PRED_FAIL,0.028634
s1_correct-033,s1_correct,(none),1033,runs/s1_correct-033.jsonl,1,,0.001244,FAIL,PRED_FAIL;PRED_FAIL;N_TOO_LOW;PRED_FAIL,0.028766
s1_correct-034,s1_correct,(none),1034,runs/s1_correct-034.jsonl,1,,0.001097,FAIL,PRED_FAIL;PRED_FAIL;N_TOO_LOW;PRED_FAIL,0.028313
s1_correct-035,s1_correct,(none),1035,runs/s1_correct-035.jsonl,1,,0.001129,FAIL,PRED_FAIL;PRED_FAIL;N_TOO_LOW;PRED_FAIL,0.029065
s1_correct-036,s1_correct,(none),1036,runs/s1_correct-036.jsonl,1,,0.001314,FAIL,PRED_FAIL;PRED_FAIL;N_TOO_LOW;PRED_FAIL,0.028921
s1_correct-037,s1_correct,(none),1037,runs/s1_correct-037.jsonl,1,,0.001122,FAIL,PRED_FAIL;PRED_FAIL;N_TOO_LOW;PRED_FAIL,0.029190
s1_correct-038,s1_correct,(none),1038,runs/s1_correct-038.jsonl,1,,0.001244,FAIL,PRED_FAIL;PRED_FAIL;N_TOO_LOW;PRED_FAIL,0.029004
s1_correct-039,s1_correct,(none),1039,runs/s1_correct-039.jsonl,1,,0.001095,FAIL,PRED_FAIL;PRED_FAIL;N_TOO_LOW;PRED_FAIL,0.027714
s1_correct-040,s1_correct,(none),1040,runs/s1_correct-040.jsonl,1,,0.001112,FAIL,PRED_FAIL;PRED_FAIL;N_TOO_LOW;PRED_FAIL,0.028012
s1_correct-041,s1_correct,(none),1041,runs/s1_correct-041.jsonl,1,,0.001121,FAIL,PRED_FAIL;PRED_FAIL;N_TOO_LOW;PRED_FAIL,0.028035
s1_correct-042,s1_correct,(none),1042,runs/s1_correct-042.jsonl,1,,0.001099,FAIL,PRED_FAIL;PRED_FAIL;N_TOO_LOW;PRED_FAIL,0.027879
s1_correct-043,s1_correct,(none),1043,runs/s1_correct-043.jsonl,1,,0.001254,FAIL,PRED_FAIL;PRED_FAIL;N_TOO_LOW;PRED_FAIL,0.028434
s1_correct-044,s1_correct,(none),1044,runs/s1_correct-044.jsonl,1,,0.001194,FAIL,PRED_FAIL;PRED_FAIL;N_TOO_LOW;PRED_FAIL,0.029212
s1_correct-045,s1_correct,(none),1045,runs/s1_correct-045.jsonl,1,,0.001102,FAIL,PRED_FAIL;PRED_FAIL;N_TOO_LOW;PRED_FAIL,0.028695
s1_correct-046,s1_correct,(none),1046,runs/s1_correct-046.jsonl,1,,0.001116,FAIL,PRED_FAIL;PRED_FAIL;N_TOO_LOW;PRED_FAIL,0.028831
s1_correct-047,s1_correct,(none),1047,runs/s1_correct-047.jsonl,1,,0.001245,FAIL,PRED_FAIL;PRED_FAIL;N_TOO_LOW;PRED_FAIL,0.028751
s1_correct-048,s1_correct,(none),1048,runs/s1_correct-048.jsonl,1,,0.001180,FAIL,PRED_FAIL;PRED_FAIL;N_TOO_LOW;PRED_FAIL,0.028078
s1_correct-049,s1_correct,(none),1049,runs/s1_correct-049.jsonl,1,,0.001122,FAIL,PRED_FAIL;PRED_FAIL;N_TOO_LOW;PRED_FAIL,0.028370
s1_n_too_low-000,s1_n_too_low,N_TOO_LOW,1000,runs/s1_n_too_low-000.jsonl,0,FEW_SAMPLES,0.001082,FAIL,PRED_FAIL;PRED_FAIL;PRED_FAIL;N_TOO_LOW;PRED_FAIL,0.027260
s1_n_too_low-001,s1_n_too_low,N_TOO_LOW,1001,runs/s1_n_too_low-001.jsonl,0,FEW_SAMPLES,0.001085,FAIL,PRED_FAIL;PRED_FAIL;PRED_FAIL;N_TOO_LOW;PRED_FAIL,0.027671
s1_n_too_low-002,s1_n_too_low,N_TOO_LOW,1002,runs/s1_n_too_low-002.jsonl,0,FEW_SAMPLES,0.001082,FAIL,PRED_FAIL;PRED_FAIL;PRED_FAIL;N_TOO_LOW;PRED_FAIL,0.027971
s1_n_too_low-003,s1_n_too_low,N_TOO_LOW,1003,runs/s1_n_too_low-003.jsonl,0,FEW_SAMPLES,0.001137,FAIL,PRED_FAIL;PRED_FAIL;PRED_FAIL;N_TOO_LOW;PRED_FAIL,0.028516
s1_n_too_low-004,s1_n_too_low,N_TOO_LOW,1004,runs/s1_n_too_low-004.jsonl,0,FEW_SAMPLES,0.001093,FAIL,PRED_FAIL;PRED_FAIL;PRED_FAIL;N_TOO_LOW;PRED_FAIL,0.027255
s1_n_too_low-005,s1_n_too_low,N_TOO_LOW,1005,runs/s1_n_too_low-005.jsonl,0,FEW_SAMPLES,0.001175,FAIL,PRED_FAIL;PRED_FAIL;PRED_FAIL;N_TOO_LOW;PRED_FAIL,0.027889
s1_n_too_low-006,s1_n_too_low,N_TOO_LOW,1006,runs/s1_n_too_low-006.jsonl,0,FEW_SAMPLES,0.001088,FAIL,PRED_FAIL;PRED_FAIL;PRED_FAIL;N_TOO_LOW;PRED_FAIL,0.028420
s1_n_too_low-007,s1_n_too_low,N_TOO_LOW,1007,runs/s1_n_too_low-007.jsonl,0,FEW_SAMPLES,0.001091,FAIL,PRED_FAIL;PRED_FAIL;PRED_FAIL;N_TOO_LOW;PRED_FAIL,0.027443
s1_n_too_low-008,s1_n_too_low,N_TOO_LOW,1008,runs/s1_n_too_low-008.jsonl,0,FEW_SAMPLES,0.001079,FAIL,PRED_FAIL;PRED_FAIL;PRED_FAIL;N_TOO_LOW;PRED_FAIL,0.027648
s1_n_too_low-009,s1_n_too_low,N_TOO_LOW,1009,runs/s1_n_too_low-009.jsonl,0,FEW_SAMPLES,0.001054,FAIL,PRED_FAIL;PRED_FAIL;PRED_FAIL;N_TOO_LOW;PRED_FAIL,0.027951
s1_n_too_low-010,s1_n_too_low,N_TOO_LOW,1010,runs/s1_n_too_low-010.jsonl,0,FEW_SAMPLES,0.001049,FAIL,PRED_FAIL;PRED_FAIL;PRED_FAIL;N_TOO_LOW;PRED_FAIL,0.027880
s1_n_too_low-011,s1_n_too_low,N_TOO_LOW,1011,runs/s1_n_too_low-011.jsonl,0,FEW_SAMPLES,0.001104,FAIL,PRED_FAIL;PRED_FAIL;PRED_FAIL;N_TOO_LOW;PRED_FAIL,0.028326
s1_n_too_low-012,s1_n_too_low,N_TOO_LOW,1012,runs/s1_n_too_low-012.jsonl,0,FEW_SAMPLES,0.001130,FAIL,PRED_FAIL;PRED_FAIL;PRED_FAIL;N_TOO_LOW;PRED_FAIL,0.027660
s1_n_too_low-013,s1_n_too_low,N_TOO_LOW,1013,runs/s1_n_too_low-013.jsonl,0,FEW_SAMPLES,0.001075,FAIL,PRED_FAIL;PRED_FAIL;PRED_FAIL;N_TOO_LOW;PRED_FAIL,0.027925
s1_n_too_low-014,s1_n_too_low,N_TOO_LOW,1014,runs/s1_n_too_low-014.jsonl,0,FEW_SAMPLES,0.001220,FAIL,PRED_FAIL;PRED_FAIL;PRED_FAIL;N_TOO_LOW;PRED_FAIL,0.027749
s1_n_too_low-015,s1_n_too_low,N_TOO_LOW,1015,runs/s1_n_too_low-015.jsonl,0,FEW_SAMPLES,0.001185,FAIL,PRED_FAIL;PRED_FAIL;PRED_FAIL;N_TOO_LOW;PRED_FAIL,0.027784
s1_n_too_low-016,s1_n_too_low,N_TOO_LOW,1016,runs/s1_n_too_low-016.jsonl,0,FEW_SAMPLES,0.001142,FAIL,PRED_FAIL;PRED_FAIL;PRED_FAIL;N_TOO_LOW;PRED_FAIL,0.028015
s1_n_too_low-017,s1_n_too_low,N_TOO_LOW,1017,runs/s1_n_too_low-017.jsonl,0,FEW_SAMPLES,0.001068,FAIL,PRED_FAIL;PRED_FAIL;PRED_FAIL;N_TOO_LOW;PRED_FAIL,0.028038
s1_n_too_low-018,s1_n_too_low,N_TOO_LOW,1018,runs/s1_n_too_low-018.jsonl,0,FEW_SAMPLES,0.001068,FAIL,PRED_FAIL;PRED_FAIL;PRED_FAIL;N_TOO_LOW;PRED_FAIL,0.027281
s1_n_too_low-019,s1_n_too_low,N_TOO_LOW,1019,runs/s1_n_too_low-019.jsonl,0,FEW_SAMPLES,0.001046,FAIL,PRED_FAIL;PRED_FAIL;PRED_FAIL;N_TOO_LOW;PRED_FAIL,0.026942
s1_n_too_low-020,s1_n_too_low,N_TOO_LOW,1020,runs/s1_n_too_low-020.jsonl,0,FEW_SAMPLES,0.001064,FAIL,PRED_FAIL;PRED_FAIL;PRED_FAIL;N_TOO_LOW;PRED_FAIL,0.028388
s1_n_too_low-021,s1_n_too_low,N_TOO_LOW,1021,runs/s1_n_too_low-021.jsonl,0,FEW_SAMPLES,0.001118,FAIL,PRED_FAIL;PRED_FAIL;PRED_FAIL;N_TOO_LOW;PRED_FAIL,0.027832
s1_n_too_low-022,s1_n_too_low,N_TOO_LOW,1022,runs/s1_n_too_low-022.jsonl,0,FEW_SAMPLES,0.001076,FAIL,PRED_FAIL;PRED_FAIL;PRED_FAIL;N_TOO_LOW;PRED_FAIL,0.027720
s1_n_too_low-023,s1_n_too_low,N_TOO_LOW,1023,runs/s1_n_too_low-023.jsonl,0,FEW_SAMPLES,0.001082,FAIL,PRED_FAIL;PRED_FAIL;PRED_FAIL;N_TOO_LOW;PRED_FAIL,0.027840
s1_n_too_low-024,s1_n_too_low,N_TOO_LOW,1024,runs/s1_n_too_low-024.jsonl,0,FEW_SAMPLES,0.001131,FAIL,PRED_FAIL;PRED_FAIL;PRED_FAIL;N_TOO_LOW;PRED_FAIL,0.027848
s1_n_too_low-025,s1_n_too_low,N_TOO_LOW,1025,runs/s1_n_too_low-025.jsonl,0,FEW_SAMPLES,0.001101,FAIL,PRED_FAIL;PRED_FAIL;PRED_FAIL;N_TOO_LOW;PRED_FAIL,0.027725
s1_n_too_low-026,s1_n_too_low,N_TOO_LOW,1026,runs/s1_n_too_low-026.jsonl,0,FEW_SAMPLES,0.001054,FAIL,PRED_FAIL;PRED_FAIL;PRED_FAIL;N_TOO_LOW;PRED_FAIL,0.028741
s1_n_too_low-027,s1_n_too_low,N_TOO_LOW,1027,runs/s1_n_too_low-027.jsonl,0,FEW_SAMPLES,0.001123,FAIL,PRED_FAIL;PRED_FAIL;PRED_FAIL;N_TOO_LOW;PRED_FAIL,0.027669
s1_n_too_low-028,s1_n_too_low,N_TOO_LOW,1028,runs/s1_n_too_low-028.jsonl,0,FEW_SAMPLES,0.001218,FAIL,PRED_FAIL;PRED_FAIL;PRED_FAIL;N_TOO_LOW;PRED_FAIL,0.028157
s1_n_too_low-029,s1_n_too_low,N_TOO_LOW,1029,runs/s1_n_too_low-029.jsonl,0,FEW_SAMPLES,0.000872,FAIL,PRED_FAIL;PRED_FAIL;PRED_FAIL;N_TOO_LOW;PRED_FAIL,0.021800
s1_n_too_low-030,s1_n_too_low,N_TOO_LOW,1030,runs/s1_n_too_low-030.jsonl,0,FEW_SAMPLES,0.000876,FAIL,PRED_FAIL;PRED_FAIL;PRED_FAIL;N_TOO_LOW;PRED_FAIL,0.021558
s1_n_too_low-031,s1_n_too_low,N_TOO_LOW,1031,runs/s1_n_too_low-031.jsonl,0,FEW_SAMPLES,0.000865,FAIL,PRED_FAIL;PRED_FAIL;PRED_FAIL;N_TOO_LOW;PRED_FAIL,0.021680
s1_n_too_low-032,s1_n_too_low,N_TOO_LOW,1032,runs/s1_n_too_low-032.jsonl,0,FEW_SAMPLES,0.000858,FAIL,PRED_FAIL;PRED_FAIL;PRED_FAIL;N_TOO_LOW;PRED_FAIL,0.021215
s1_n_too_low-033,s1_n_too_low,N_TOO_LOW,1033,runs/s1_n_too_low-033.jsonl,0,FEW_SAMPLES,0.000893,FAIL,PRED_FAIL;PRED_FAIL;PRED_FAIL;N_TOO_LOW;PRED_FAIL,0.020929
s1_n_too_low-034,s1_n_too_low,N_TOO_LOW,1034,runs/s1_n_too_low-034.jsonl,0,FEW_SAMPLES,0.000827,FAIL,PRED_FAIL;PRED_FAIL;PRED_FAIL;N_TOO_LOW;PRED_FAIL,0.020657
s1_n_too_low-035,s1_n_too_low,N_TOO_LOW,1035,runs/s1_n_too_low-035.jsonl,0,FEW_SAMPLES,0.000840,FAIL,PRED_FAIL;PRED_FAIL;PRED_FAIL;N_TOO_LOW;PRED_FAIL,0.020684
s1_n_too_low-036,s1_n_too_low,N_TOO_LOW,1036,runs/s1_n_too_low-036.jsonl,0,FEW_SAMPLES,0.000817,FAIL,PRED_FAIL;PRED_FAIL;PRED_FAIL;N_TOO_LOW;PRED_FAIL,0.020745
s1_n_too_low-037,s1_n_too_low,N_TOO_LOW,1037,runs/s1_n_too_low-037.jsonl,0,FEW_SAMPLES,0.001048,FAIL,PRED_FAIL;PRED_FAIL;PRED_FAIL;N_TOO_LOW;PRED_FAIL,0.021409
s1_n_too_low-038,s1_n_too_low,N_TOO_LOW,1038,runs/s1_n_too_low-038.jsonl,0,FEW_SAMPLES,0.000818,FAIL,PRED_FAIL;PRED_FAIL;PRED_FAIL;N_TOO_LOW;PRED_FAIL,0.021019
s1_n_too_low-039,s1_n_too_low,N_TOO_LOW,1039,runs/s1_n_too_low-039.jsonl,0,FEW_SAMPLES,0.000846,FAIL,PRED_FAIL;PRED_FAIL;PRED_FAIL;N_TOO_LOW;PRED_FAIL,0.020676
s1_n_too_low-040,s1_n_too_low,N_TOO_LOW,1040,runs/s1_n_too_low-040.jsonl,0,FEW_SAMPLES,0.000831,FAIL,PRED_FAIL;PRED_FAIL;PRED_FAIL;N_TOO_LOW;PRED_FAIL,0.022115
s1_n_too_low-041,s1_n_too_low,N_TOO_LOW,1041,runs/s1_n_too_low-041.jsonl,0,FEW_SAMPLES,0.000844,FAIL,PRED_FAIL;PRED_FAIL;PRED_FAIL;N_TOO_LOW;PRED_FAIL,0.021040
s1_n_too_low-042,s1_n_too_low,N_TOO_LOW,1042,runs/s1_n_too_low-042.jsonl,0,FEW_SAMPLES,0.000906,FAIL,PRED_FAIL;PRED_FAIL;PRED_FAIL;N_TOO_LOW;PRED_FAIL,0.021731
s1_n_too_low-043,s1_n_too_low,N_TOO_LOW,1043,runs/s1_n_too_low-043.jsonl,0,FEW_SAMPLES,0.000906,FAIL,PRED_FAIL;PRED_FAIL;PRED_FAIL;N_TOO_LOW;PRED_FAIL,0.020528
s1_n_too_low-044,s1_n_too_low,N_TOO_LOW,1044,runs/s1_n_too_low-044.jsonl,0,FEW_SAMPLES,0.000834,FAIL,PRED_FAIL;PRED_FAIL;PRED_FAIL;N_TOO_LOW;PRED_FAIL,0.021069
s1_n_too_low-045,s1_n_too_low,N_TOO_LOW,1045,runs/s1_n_too_low-045.jsonl,0,FEW_SAMPLES,0.000894,FAIL,PRED_FAIL;PRED_FAIL;PRED_FAIL;N_TOO_LOW;PRED_FAIL,0.021729
s1_n_too_low-046,s1_n_too_low,N_TOO_LOW,1046,runs/s1_n_too_low-046.jsonl,0,FEW_SAMPLES,0.000828,FAIL,PRED_FAIL;PRED_FAIL;PRED_FAIL;N_TOO_LOW;PRED_FAIL,0.020636
s1_n_too_low-047,s1_n_too_low,N_TOO_LOW,1047,runs/s1_n_too_low-047.jsonl,0,FEW_SAMPLES,0.000952,FAIL,PRED_FAIL;PRED_FAIL;PRED_FAIL;N_TOO_LOW;PRED_FAIL,0.021576
s1_n_too_low-048,s1_n_too_low,N_TOO_LOW,1048,runs/s1_n_too_low-048.jsonl,0,FEW_SAMPLES,0.000840,FAIL,PRED_FAIL;PRED_FAIL;PRED_FAIL;N_TOO_LOW;PRED_FAIL,0.020917
s1_n_too_low-049,s1_n_too_low,N_TOO_LOW,1049,runs/s1_n_too_low-049.jsonl,0,FEW_SAMPLES,0.000836,FAIL,PRED_FAIL;PRED_FAIL;PRED_FAIL;N_TOO_LOW;PRED_FAIL,0.020361
s1_pred_fail-000,s1_pred_fail,PRED_FAIL,1000,runs/s1_pred_fail-000.jsonl,0,HOLD_TOO_SHORT,0.000476,FAIL,PRED_FAIL;PRED_FAIL;TIME_UNDER;PRED_FAIL;N_TOO_LOW;PRED_FAIL,0.012898
s1_pred_fail-001,s1_pred_fail,PRED_FAIL,1001,runs/s1_pred_fail-001.jsonl,0,HOLD_TOO_SHORT,0.000522,FAIL,PRED_FAIL;PRED_FAIL;TIME_UNDER;PRED_FAIL;N_TOO_LOW;PRED_FAIL,0.013505
s1_pred_fail-002,s1_pred_fail,PRED_FAIL,1002,runs/s1_pred_fail-002.jsonl,0,HOLD_TOO_SHORT,0.000456,FAIL,PRED_FAIL;PRED_FAIL;TIME_UNDER;PRED_FAIL;N_TOO_LOW;PRED_FAIL,0.013040
s1_pred_fail-003,s1_pred_fail,PRED_FAIL,1003,runs/s1_pred_fail-003.jsonl,0,HOLD_TOO_SHORT,0.000459,FAIL,PRED_FAIL;PRED_FAIL;TIME_UNDER;PRED_FAIL;N_TOO_LOW;PRED_FAIL,0.013679
s1_pred_fail-004,s1_pred_fail,PRED_FAIL,1004,runs/s1_pred_fail-004.jsonl,0,HOLD_TOO_SHORT,0.000507,FAIL,PRED_FAIL;PRED_FAIL;TIME_UNDER;PRED_FAIL;N_TOO_LOW;PRED_FAIL,0.013898
s1_pred_fail-005,s1_pred_fail,PRED_FAIL,1005,runs/s1_pred_fail-005.jsonl,0,HOLD_TOO_SHORT,0.000471,FAIL,PRED_FAIL;PRED_FAIL;TIME_UNDER;PRED_FAIL;N_TOO_LOW;PRED_FAIL,0.013508
s1_pred_fail-006,s1_pred_fail,PRED_FAIL,1006,runs/s1_pred_fail-006.jsonl,0,HOLD_TOO_SHORT,0.000473,FAIL,PRED_FAIL;PRED_FAIL;TIME_UNDER;PRED_FAIL;N_TOO_LOW;PRED_FAIL,0.013529
s1_pred_fail-007,s1_pred_fail,PRED_FAIL,1007,runs/s1_pred_fail-007.jsonl,0,HOLD_TOO_SHORT,0.000481,FAIL,PRED_FAIL;PRED_FAIL;TIME_UNDER;PRED_FAIL;N_TOO_LOW;PRED_FAIL,0.013536
s1_pred_fail-008,s1_pred_fail,PRED_FAIL,1008,runs/s1_pred_fail-008.jsonl,0,HOLD_TOO_SHORT,0.000467,FAIL,PRED_FAIL;PRED_FAIL;TIME_UNDER;PRED_FAIL;N_TOO_LOW;PRED_FAIL,0.013169
s1_pred_fail-009,s1_pred_fail,PRED_FAIL,1009,runs/s1_pred_fail-009.jsonl,0,HOLD_TOO_SHORT,0.000510,FAIL,PRED_FAIL;PRED_FAIL;TIME_UNDER;PRED_FAIL;N_TOO_LOW;PRED_FAIL,0.013099
s1_pred_fail-010,s1_pred_fail,PRED_FAIL,1010,runs/s1_pred_fail-010.jsonl,0,HOLD_TOO_SHORT,0.000473,FAIL,PRED_FAIL;PRED_FAIL;TIME_UNDER;PRED_FAIL;N_TOO_LOW;PRED_FAIL,0.013353
s1_pred_fail-011,s1_pred_fail,PRED_FAIL,1011,runs/s1_pred_fail-011.jsonl,0,HOLD_TOO_SHORT,0.000450,FAIL,PRED_FAIL;PRED_FAIL;TIME_UNDER;PRED_FAIL;N_TOO_LOW;PRED_FAIL,0.014086
s1_pred_fail-012,s1_pred_fail,PRED_FAIL,1012,runs/s1_pred_fail-012.jsonl,0,HOLD_TOO_SHORT,0.000498,FAIL,PRED_FAIL;PRED_FAIL;TIME_UNDER;PRED_FAIL;N_TOO_LOW;PRED_FAIL,0.014573
s1_pred_fail-013,s1_pred_fail,PRED_FAIL,1013,runs/s1_pred_fail-013.jsonl,0,HOLD_TOO_SHORT,0.000541,FAIL,PRED_FAIL;PRED_FAIL;TIME_UNDER;PRED_FAIL;N_TOO_LOW;PRED_FAIL,0.014626
s1_pred_fail-014,s1_pred_fail,PRED_FAIL,1014,runs/s1_pred_fail-014.jsonl,0,HOLD_TOO_SHORT,0.000492,FAIL,PRED_FAIL;PRED_FAIL;TIME_UNDER;PRED_FAIL;N_TOO_LOW;PRED_FAIL,0.013578
s1_pred_fail-015,s1_pred_fail,PRED_FAIL,1015,runs/s1_pred_fail-015.jsonl,0,HOLD_TOO_SHORT,0.000482,FAIL,PRED_FAIL;PRED_FAIL;TIME_UNDER;PRED_FAIL;N_TOO_LOW;PRED_FAIL,0.013721
s1_pred_fail-016,s1_pred_fail,PRED_FAIL,1016,runs/s1_pred_fail-016.jsonl,0,HOLD_TOO_SHORT,0.000466,FAIL,PRED_FAIL;PRED_FAIL;TIME_UNDER;PRED_FAIL;N_TOO_LOW;PRED_FAIL,0.013930
s1_pred_fail-017,s1_pred_fail,PRED_FAIL,1017,runs/s1_pred_fail-017.jsonl,0,HOLD_TOO_SHORT,0.000476,FAIL,PRED_FAIL;PRED_FAIL;TIME_UNDER;PRED_FAIL;N_TOO_LOW;PRED_FAIL,0.013715
s1_pred_fail-018,s1_pred_fail,PRED_FAIL,1018,runs/s1_pred_fail-018.jsonl,0,HOLD_TOO_SHORT,0.000462,FAIL,PRED_FAIL;PRED_FAIL;TIME_UNDER;PRED_FAIL;N_TOO_LOW;PRED_FAIL,0.012912
s1_pred_fail-019,s1_pred_fail,PRED_FAIL,1019,runs/s1_pred_fail-019.jsonl,0,HOLD_TOO_SHORT,0.000455,FAIL,PRED_FAIL;PRED_FAIL;TIME_UNDER;PRED_FAIL;N_TOO_LOW;PRED_FAIL,0.013448
s1_pred_fail-020,s1_pred_fail,PRED_FAIL,1020,runs/s1_pred_fail-020.jsonl,0,HOLD_TOO_SHORT,0.000468,FAIL,PRED_FAIL;PRED_FAIL;TIME_UNDER;PRED_FAIL;N_TOO_LOW;PRED_FAIL,0.013272
s1_pred_fail-021,s1_pred_fail,PRED_FAIL,1021,runs/s1_pred_fail-021.jsonl,0,HOLD_TOO_SHORT,0.000488,FAIL,PRED_FAIL;PRED_FAIL;TIME_UNDER;PRED_FAIL;N_TOO_LOW;PRED_FAIL,0.013902
s1_pred_fail-022,s1_pred_fail,PRED_FAIL,1022,runs/s1_pred_fail-022.jsonl,0,HOLD_TOO_SHORT,0.000479,FAIL,PRED_FAIL;PRED_FAIL;TIME_UNDER;PRED_FAIL;N_TOO_LOW;PRED_FAIL,0.013501
s1_pred_fail-023,s1_pred_fail,PRED_FAIL,1023,runs/s1_pred_fail-023.jsonl,0,HOLD_TOO_SHORT,0.000480,FAIL,PRED_FAIL;PRED_FAIL;TIME_UNDER;PRED_FAIL;N_TOO_LOW;PRED_FAIL,0.014103
s1_pred_fail-024,s1_pred_fail,PRED_FAIL,1024,runs/s1_pred_fail-024.jsonl,0,HOLD_TOO_SHORT,0.000473,FAIL,PRED_FAIL;PRED_FAIL;TIME_UNDER;PRED_FAIL;N_TOO_LOW;PRED_FAIL,0.012909
s1_pred_fail-025,s1_pred_fail,PRED_FAIL,1025,runs/s1_pred_fail-025.jsonl,0,HOLD_TOO_SHORT,0.000470,FAIL,PRED_FAIL;PRED_FAIL;TIME_UNDER;PRED_FAIL;N_TOO_LOW;PRED_FAIL,0.013143
s1_pred_fail-026,s1_pred_fail,PRED_FAIL,1026,runs/s1_pred_fail-026.jsonl,0,HOLD_TOO_SHORT,0.000462,FAIL,PRED_FAIL;PRED_FAIL;TIME_UNDER;PRED_FAIL;N_TOO_LOW;PRED_FAIL,0.013799
s1_pred_fail-027,s1_pred_fail,PRED_FAIL,1027,runs/s1_pred_fail-027.jsonl,0,HOLD_TOO_SHORT,0.000457,FAIL,PRED_FAIL;PRED_FAIL;TIME_UNDER;PRED_FAIL;N_TOO_LOW;PRED_FAIL,0.012987
s1_pred_fail-028,s1_pred_fail,PRED_FAIL,1028,runs/s1_pred_fail-028.jsonl,0,HOLD_TOO_SHORT,0.000463,FAIL,PRED_FAIL;PRED_FAIL;TIME_UNDER;PRED_FAIL;N_TOO_LOW;PRED_FAIL,0.013306
s1_pred_fail-029,s1_pred_fail,PRED_FAIL,1029,runs/s1_pred_fail-029.jsonl,0,HOLD_TOO_SHORT,0.000492,FAIL,PRED_FAIL;PRED_FAIL;TIME_UNDER;PRED_FAIL;N_TOO_LOW;PRED_FAIL,0.013343
s1_pred_fail-030,s1_pred_fail,PRED_FAIL,1030,runs/s1_pred_fail-030.jsonl,0,HOLD_TOO_SHORT,0.000477,FAIL,PRED_FAIL;PRED_FAIL;TIME_UNDER;PRED_FAIL;N_TOO_LOW;PRED_FAIL,0.013808
s1_pred_fail-031,s1_pred_fail,PRED_FAIL,1031,runs/s1_pred_fail-031.jsonl,0,HOLD_TOO_SHORT,0.000497,FAIL,PRED_FAIL;PRED_FAIL;TIME_UNDER;PRED_FAIL;N_TOO_LOW;PRED_FAIL,0.013718
s1_pred_fail-032,s1_pred_fail,PRED_FAIL,1032,runs/s1_pred_fail-032.jsonl,0,HOLD_TOO_SHORT,0.000479,FAIL,PRED_FAIL;PRED_FAIL;TIME_UNDER;PRED_FAIL;N_TOO_LOW;PRED_FAIL,0.013333
s1_pred_fail-033,s1_pred_fail,PRED_FAIL,1033,runs/s1_pred_fail-033.jsonl,0,HOLD_TOO_SHORT,0.000482,FAIL,PRED_FAIL;PRED_FAIL;TIME_UNDER;PRED_FAIL;N_TOO_LOW;PRED_FAIL,0.013404
s1_pred_fail-034,s1_pred_fail,PRED_FAIL,1034,runs/s1_pred_fail-034.jsonl,0,HOLD_TOO_SHORT,0.000472,FAIL,PRED_FAIL;PRED_FAIL;TIME_UNDER;PRED_FAIL;N_TOO_LOW;PRED_FAIL,0.013020
s1_pred_fail-035,s1_pred_fail,PRED_FAIL,1035,runs/s1_pred_fail-035.jsonl,0,HOLD_TOO_SHORT,0.000486,FAIL,PRED_FAIL;PRED_FAIL;TIME_UNDER;PRED_FAIL;N_TOO_LOW;PRED_FAIL,0.013308
s1_pred_fail-036,s1_pred_fail,PRED_FAIL,1036,runs/s1_pred_fail-036.jsonl,0,HOLD_TOO_SHORT,0.000466,FAIL,PRED_FAIL;PRED_FAIL;TIME_UNDER;PRED_FAIL;N_TOO_LOW;PRED_FAIL,0.013604
s1_pred_fail-037,s1_pred_fail,PRED_FAIL,1037,runs/s1_pred_fail-037.jsonl,0,HOLD_TOO_SHORT,0.000465,FAIL,PRED_FAIL;PRED_FAIL;TIME_UNDER;PRED_FAIL;N_TOO_LOW;PRED_FAIL,0.013029
s1_pred_fail-038,s1_pred_fail,PRED_FAIL,1038,runs/s1_pred_fail-038.jsonl,0,HOLD_TOO_SHORT,0.000610,FAIL,PRED_FAIL;PRED_FAIL;TIME_UNDER;PRED_FAIL;N_TOO_LOW;PRED_FAIL,0.013362
s1_pred_fail-039,s1_pred_fail,PRED_FAIL,1039,runs/s1_pred_fail-039.jsonl,0,HOLD_TOO_SHORT,0.000460,FAIL,PRED_FAIL;PRED_FAIL;TIME_UNDER;PRED_FAIL;N_TOO_LOW;PRED_FAIL,0.013138
s1_pred_fail-040,s1_pred_fail,PRED_FAIL,1040,runs/s1_pred_fail-040.jsonl,0,HOLD_TOO_SHORT,0.000465,FAIL,PRED_FAIL;PRED_FAIL;TIME_UNDER;PRED_FAIL;N_TOO_LOW;PRED_FAIL,0.013200
s1_pred_fail-041,s1_pred_fail,PRED_FAIL,1041,runs/s1_pred_fail-041.jsonl,0,HOLD_TOO_SHORT,0.000472,FAIL,PRED_FAIL;PRED_FAIL;TIME_UNDER;PRED_FAIL;N_TOO_LOW;PRED_FAIL,0.013056
s1_pred_fail-042,s1_pred_fail,PRED_FAIL,1042,runs/s1_pred_fail-042.jsonl,0,HOLD_TOO_SHORT,0.000470,FAIL,PRED_FAIL;PRED_FAIL;TIME_UNDER;PRED_FAIL;N_TOO_LOW;PRED_FAIL,0.013005
s1_pred_fail-043,s1_pred_fail,PRED_FAIL,1043,runs/s1_pred_fail-043.jsonl,0,HOLD_TOO_SHORT,0.000470,FAIL,PRED_FAIL;PRED_FAIL;TIME_UNDER;PRED_FAIL;N_TOO_LOW;PRED_FAIL,0.013040
s1_pred_fail-044,s1_pred_fail,PRED_FAIL,1044,runs/s1_pred_fail-044.jsonl,0,HOLD_TOO_SHORT,0.000494,FAIL,PRED_FAIL;PRED_FAIL;TIME_UNDER;PRED_FAIL;N_TOO_LOW;PRED_FAIL,0.013640
s1_pred_fail-045,s1_pred_fail,PRED_FAIL,1045,runs/s1_pred_fail-045.jsonl,0,HOLD_TOO_SHORT,0.000483,FAIL,PRED_FAIL;PRED_FAIL;TIME_UNDER;PRED_FAIL;N_TOO_LOW;PRED_FAIL,0.013235
s1_pred_fail-046,s1_pred_fail,PRED_FAIL,1046,runs/s1_pred_fail-046.jsonl,0,HOLD_TOO_SHORT,0.000471,FAIL,PRED_FAIL;PRED_FAIL;TIME_UNDER;PRED_FAIL;N_TOO_LOW;PRED_FAIL,0.013325
s1_pred_fail-047,s1_pred_fail,PRED_FAIL,1047,runs/s1_pred_fail-047.jsonl,0,HOLD_TOO_SHORT,0.000506,FAIL,PRED_FAIL;PRED_FAIL;TIME_UNDER;PRED_FAIL;N_TOO_LOW;PRED_FAIL,0.013315
s1_pred_fail-048,s1_pred_fail,PRED_FAIL,1048,runs/s1_pred_fail-048.jsonl,0,HOLD_TOO_SHORT,0.000474,FAIL,PRED_FAIL;PRED_FAIL;TIME_UNDER;PRED_FAIL;N_TOO_LOW;PRED_FAIL,0.012874
s1_pred_fail-049,s1_pred_fail,PRED_FAIL,1049,runs/s1_pred_fail-049.jsonl,0,HOLD_TOO_SHORT,0.000484,FAIL,PRED_FAIL;PRED_FAIL;TIME_UNDER;PRED_FAIL;N_TOO_LOW;PRED_FAIL,0.013400
s1_range_mism-000,s1_range_mism,RANGE_MISM,1000,runs/s1_range_mism-000.jsonl,0,T_SET_BAD,0.000903,FAIL,PRED_FAIL;PRED_FAIL;N_TOO_LOW;PRED_FAIL;RANGE_MISM,0.022173
s1_range_mism-001,s1_range_mism,RANGE_MISM,1001,runs/s1_range_mism-001.jsonl,0,T_SET_BAD,0.000903,FAIL,PRED_FAIL;PRED_FAIL;N_TOO_LOW;PRED_FAIL;RANGE_MISM,0.022073
s1_range_mism-002,s1_range_mism,RANGE_MISM,1002,runs/s1_range_mism-002.jsonl,0,T_SET_BAD,0.000901,FAIL,PRED_FAIL;PRED_FAIL;N_TOO_LOW;PRED_FAIL;RANGE_MISM,0.021822
s1_range_mism-003,s1_range_mism,RANGE_MISM,1003,runs/s1_range_mism-003.jsonl,0,T_SET_BAD,0.000928,FAIL,PRED_FAIL;PRED_FAIL;N_TOO_LOW;PRED_FAIL;RANGE_MISM,0.021866
s1_range_mism-004,s1_range_mism,RANGE_MISM,1004,runs/s1_range_mism-004.jsonl,0,T_SET_BAD,0.000868,FAIL,PRED_FAIL;PRED_FAIL;N_TOO_LOW;PRED_FAIL;RANGE_MISM,0.021836
s1_range_mism-005,s1_range_mism,RANGE_MISM,1005,runs/s1_range_mism-005.jsonl,0,T_SET_BAD,0.000884,FAIL,PRED_FAIL;PRED_FAIL;N_TOO_LOW;PRED_FAIL;RANGE_MISM,0.022342
s1_range_mism-006,s1_range_mism,RANGE_MISM,1006,runs/s1_range_mism-006.jsonl,0,T_SET_BAD,0.000899,FAIL,PRED_FAIL;PRED_FAIL;N_TOO_LOW;PRED_FAIL;RANGE_MISM,0.022321
s1_range_mism-007,s1_range_mism,RANGE_MISM,1007,runs/s1_range_mism-007.jsonl,0,T_SET_BAD,0.000905,FAIL,PRED_FAIL;PRED_FAIL;N_TOO_LOW;PRED_FAIL;RANGE_MISM,0.022717
s1_range_mism-008,s1_range_mism,RANGE_MISM,1008,runs/s1_range_mism-008.jsonl,0,T_SET_BAD,0.000868,FAIL,PRED_FAIL;PRED_FAIL;N_TOO_LOW;PRED_FAIL;RANGE_MISM,0.021552
s1_range_mism-009,s1_range_mism,RANGE_MISM,1009,runs/s1_range_mism-009.jsonl,0,T_SET_BAD,0.000886,FAIL,PRED_FAIL;PRED_FAIL;N_TOO_LOW;PRED_FAIL;RANGE_MISM,0.022149
s1_range_mism-010,s1_range_mism,RANGE_MISM,1010,runs/s1_range_mism-010.jsonl,0,T_SET_BAD,0.000936,FAIL,PRED_FAIL;PRED_FAIL;N_TOO_LOW;PRED_FAIL;RANGE_MISM,0.021636
s1_range_mism-011,s1_range_mism,RANGE_MISM,1011,runs/s1_range_mism-011.jsonl,0,T_SET_BAD,0.000905,FAIL,PRED_FAIL;PRED_FAIL;N_TOO_LOW;PRED_FAIL;RANGE_MISM,0.021861
s1_range_mism-012,s1_range_mism,RANGE_MISM,1012,runs/s1_range_mism-012.jsonl,0,T_SET_BAD,0.000956,FAIL,PRED_FAIL;PRED_FAIL;N_TOO_LOW;PRED_FAIL;RANGE_MISM,0.021883
s1_range_mism-013,s1_range_mism,RANGE_MISM,1013,runs/s1_range_mism-013.jsonl,0,T_SET_BAD,0.000891,FAIL,PRED_FAIL;PRED_FAIL;N_TOO_LOW;PRED_FAIL;RANGE_MISM,0.021615
s1_range_mism-014,s1_range_mism,RANGE_MISM,1014,runs/s1_range_mism-014.jsonl,0,T_SET_BAD,0.000908,FAIL,PRED_FAIL;PRED_FAIL;N_TOO_LOW;PRED_FAIL;RANGE_MISM,0.022998
s1_range_mism-015,s1_range_mism,RANGE_MISM,1015,runs/s1_range_mism-015.jsonl,0,T_SET_BAD,0.000937,FAIL,PRED_FAIL;PRED_FAIL;N_TOO_LOW;PRED_FAIL;RANGE_MISM,0.022383
s1_range_mism-016,s1_range_mism,RANGE_MISM,1016,runs/s1_range_mism-016.jsonl,0,T_SET_BAD,0.001029,FAIL,PRED_FAIL;PRED_FAIL;N_TOO_LOW;PRED_FAIL;RANGE_MISM,0.022397
s1_range_mism-017,s1_range_mism,RANGE_MISM,1017,runs/s1_range_mism-017.jsonl,0,T_SET_BAD,0.000932,FAIL,PRED_FAIL;PRED_FAIL;N_TOO_LOW;PRED_FAIL;RANGE_MISM,0.022429
s1_range_mism-018,s1_range_mism,RANGE_MISM,1018,runs/s1_range_mism-018.jsonl,0,T_SET_BAD,0.000889,FAIL,PRED_FAIL;PRED_FAIL;N_TOO_LOW;PRED_FAIL;RANGE_MISM,0.022463
s1_range_mism-019,s1_range_mism,RANGE_MISM,1019,runs/s1_range_mism-019.jsonl,0,T_SET_BAD,0.000903,FAIL,PRED_FAIL;PRED_FAIL;N_TOO_LOW;PRED_FAIL;RANGE_MISM,0.021572
s1_range_mism-020,s1_range_mism,RANGE_MISM,1020,runs/s1_range_mism-020.jsonl,0,T_SET_BAD,0.000867,FAIL,PRED_FAIL;PRED_FAIL;N_TOO_LOW;PRED_FAIL;RANGE_MISM,0.022682
s1_range_mism-021,s1_range_mism,RANGE_MISM,1021,runs/s1_range_mism-021.jsonl,0,T_SET_BAD,0.000887,FAIL,PRED_FAIL;PRED_FAIL;N_TOO_LOW;PRED_FAIL;RANGE_MISM,0.021737
s1_range_mism-022,s1_range_mism,RANGE_MISM,1022,runs/s1_range_mism-022.jsonl,0,T_SET_BAD,0.000857,FAIL,PRED_FAIL;PRED_FAIL;N_TOO_LOW;PRED_FAIL;RANGE_MISM,0.021380
s1_range_mism-023,s1_range_mism,RANGE_MISM,1023,runs/s1_range_mism-023.jsonl,0,T_SET_BAD,0.000878,FAIL,PRED_FAIL;PRED_FAIL;N_TOO_LOW;PRED_FAIL;RANGE_MISM,0.022314
s1_range_mism-024,s1_range_mism,RANGE_MISM,1024,runs/s1_range_mism-024.jsonl,0,T_SET_BAD,0.000886,FAIL,PRED_FAIL;PRED_FAIL;N_TOO_LOW;PRED_FAIL;RANGE_MISM,0.021321
s1_range_mism-025,s1_range_mism,RANGE_MISM,1025,runs/s1_range_mism-025.jsonl,0,T_SET_BAD,0.000914,FAIL,PRED_FAIL;PRED_FAIL;N_TOO_LOW;PRED_FAIL;RANGE_MISM,0.021622
s1_range_mism-026,s1_range_mism,RANGE_MISM,1026,runs/s1_range_mism-026.jsonl,0,T_SET_BAD,0.000932,FAIL,PRED_FAIL;PRED_FAIL;N_TOO_LOW;PRED_FAIL;RANGE_MISM,0.021711
s1_range_mism-027,s1_range_mism,RANGE_MISM,1027,runs/s1_range_mism-027.jsonl,0,T_SET_BAD,0.001025,FAIL,PRED_FAIL;PRED_FAIL;N_TOO_LOW;PRED_FAIL;RANGE_MISM,0.022243
s1_range_mism-028,s1_range_mism,RANGE_MISM,1028,runs/s1_range_mism-028.jsonl,0,T_SET_BAD,0.000877,FAIL,PRED_FAIL;PRED_FAIL;N_TOO_LOW;PRED_FAIL;RANGE_MISM,0.021660
s1_range_mism-029,s1_range_mism,RANGE_MISM,1029,runs/s1_range_mism-029.jsonl,0,T_SET_BAD,0.000856,FAIL,PRED_FAIL;PRED_FAIL;N_TOO_LOW;PRED_FAIL;RANGE_MISM,0.021566
s1_range_mism-030,s1_range_mism,RANGE_MISM,1030,runs/s1_range_mism-030.jsonl,0,T_SET_BAD,0.000892,FAIL,PRED_FAIL;PRED_FAIL;N_TOO_LOW;PRED_FAIL;RANGE_MISM,0.022630
s1_range_mism-031,s1_range_mism,RANGE_MISM,1031,runs/s1_range_mism-031.jsonl,0,T_SET_BAD,0.000919,FAIL,PRED_FAIL;PRED_FAIL;N_TOO_LOW;PRED_FAIL;RANGE_MISM,0.021697
s1_range_mism-032,s1_range_mism,RANGE_MISM,1032,runs/s1_range_mism-032.jsonl,0,T_SET_BAD,0.000887,FAIL,PRED_FAIL;PRED_FAIL;N_TOO_LOW;PRED_FAIL;RANGE_MISM,0.022643
s1_range_mism-033,s1_range_mism,RANGE_MISM,1033,runs/s1_range_mism-033.jsonl,0,T_SET_BAD,0.000861,FAIL,PRED_FAIL;PRED_FAIL;N_TOO_LOW;PRED_FAIL;RANGE_MISM,0.021923
s1_range_mism-034,s1_range_mism,RANGE_MISM,1034,runs/s1_range_mism-034.jsonl,0,T_SET_BAD,0.000876,FAIL,PRED_FAIL;PRED_FAIL;N_TOO_LOW;PRED_FAIL;RANGE_MISM,0.022426
s1_range_mism-035,s1_range_mism,RANGE_MISM,1035,runs/s1_range_mism-035.jsonl,0,T_SET_BAD,0.000880,FAIL,PRED_FAIL;PRED_FAIL;N_TOO_LOW;PRED_FAIL;RANGE_MISM,0.021763
s1_range_mism-036,s1_range_mism,RANGE_MISM,1036,runs/s1_range_mism-036.jsonl,0,T_SET_BAD,0.000939,FAIL,PRED_FAIL;PRED_FAIL;N_TOO_LOW;PRED_FAIL;RANGE_MISM,0.022043
s1_range_mism-037,s1_range_mism,RANGE_MISM,1037,runs/s1_range_mism-037.jsonl,0,T_SET_BAD,0.000874,FAIL,PRED_FAIL;PRED_FAIL;N_TOO_LOW;PRED_FAIL;RANGE_MISM,0.021651
s1_range_mism-038,s1_range_mism,RANGE_MISM,1038,runs/s1_range_mism-038.jsonl,0,T_SET_BAD,0.000881,FAIL,PRED_FAIL;PRED_FAIL;N_TOO_LOW;PRED_FAIL;RANGE_MISM,0.021477
s1_range_mism-039,s1_range_mism,RANGE_MISM,1039,runs/s1_range_mism-039.jsonl,0,T_SET_BAD,0.000948,FAIL,PRED_FAIL;PRED_FAIL;N_TOO_LOW;PRED_FAIL;RANGE_MISM,0.021938
s1_range_mism-040,s1_range_mism,RANGE_MISM,1040,runs/s1_range_mism-040.jsonl,0,T_SET_BAD,0.000921,FAIL,PRED_FAIL;PRED_FAIL;N_TOO_LOW;PRED_FAIL;RANGE_MISM,0.021491
s1_range_mism-041,s1_range_mism,RANGE_MISM,1041,runs/s1_range_mism-041.jsonl,0,T_SET_BAD,0.000848,FAIL,PRED_FAIL;PRED_FAIL;N_TOO_LOW;PRED_FAIL;RANGE_MISM,0.022460
s1_range_mism-042,s1_range_mism,RANGE_MISM,1042,runs/s1_range_mism-042.jsonl,0,T_SET_BAD,0.000888,FAIL,PRED_FAIL;PRED_FAIL;N_TOO_LOW;PRED_FAIL;RANGE_MISM,0.021553
s1_range_mism-043,s1_range_mism,RANGE_MISM,1043,runs/s1_range_mism-043.jsonl,0,T_SET_BAD,0.000878,FAIL,PRED_FAIL;PRED_FAIL;N_TOO_LOW;PRED_FAIL;RANGE_MISM,0.022582
s1_range_mism-044,s1_range_mism,RANGE_MISM,1044,runs/s1_range_mism-044.jsonl,0,T_SET_BAD,0.000880,FAIL,PRED_FAIL;PRED_FAIL;N_TOO_LOW;PRED_FAIL;RANGE_MISM,0.021425
s1_range_mism-045,s1_range_mism,RANGE_MISM,1045,runs/s1_range_mism-045.jsonl,0,T_SET_BAD,0.000912,FAIL,PRED_FAIL;PRED_FAIL;N_TOO_LOW;PRED_FAIL;RANGE_MISM,0.021338
s1_range_mism-046,s1_range_mism,RANGE_MISM,1046,runs/s1_range_mism-046.jsonl,0,T_SET_BAD,0.000854,FAIL,PRED_FAIL;PRED_FAIL;N_TOO_LOW;PRED_FAIL;RANGE_MISM,0.022354
s1_range_mism-047,s1_range_mism,RANGE_MISM,1047,runs/s1_range_mism-047.jsonl,0,T_SET_BAD,0.000907,FAIL,PRED_FAIL;PRED_FAIL;N_TOO_LOW;PRED_FAIL;RANGE_MISM,0.021755
s1_range_mism-048,s1_range_mism,RANGE_MISM,1048,runs/s1_range_mism-048.jsonl,0,T_SET_BAD,0.000886,FAIL,PRED_FAIL;PRED_FAIL;N_TOO_LOW;PRED_FAIL;RANGE_MISM,0.022845
s1_range_mism-049,s1_range_mism,RANGE_MISM,1049,runs/s1_range_mism-049.jsonl,0,T_SET_BAD,0.001138,FAIL,PRED_FAIL;PRED_FAIL;N_TOO_LOW;PRED_FAIL;RANGE_MISM,0.022263
s1_seq_miss-000,s1_seq_miss,SEQ_MISS,1000,runs/s1_seq_miss-000.jsonl,0,MISSING_HOLD,0.000259,FAIL,PRED_FAIL;SEQ_ORDER;N_TOO_LOW;PRED_FAIL;SEQ_MISS,0.008937
s1_seq_miss-001,s1_seq_miss,SEQ_MISS,1001,runs/s1_seq_miss-001.jsonl,0,MISSING_HOLD,0.000312,FAIL,PRED_FAIL;SEQ_ORDER;N_TOO_LOW;PRED_FAIL;SEQ_MISS,0.009708
s1_seq_miss-002,s1_seq_miss,SEQ_MISS,1002,runs/s1_seq_miss-002.jsonl,0,MISSING_HOLD,0.000268,FAIL,PRED_FAIL;SEQ_ORDER;N_TOO_LOW;PRED_FAIL;SEQ_MISS,0.009253
s1_seq_miss-003,s1_seq_miss,SEQ_MISS,1003,runs/s1_seq_miss-003.jsonl,0,MISSING_HOLD,0.000278,FAIL,PRED_FAIL;SEQ_ORDER;N_TOO_LOW;PRED_FAIL;SEQ_MISS,0.008979
s1_seq_miss-004,s1_seq_miss,SEQ_MISS,1004,runs/s1_seq_miss-004.jsonl,0,MISSING_HOLD,0.000257,FAIL,PRED_FAIL;SEQ_ORDER;N_TOO_LOW;PRED_FAIL;SEQ_MISS,0.009155
s1_seq_miss-005,s1_seq_miss,SEQ_MISS,1005,runs/s1_seq_miss-005.jsonl,0,MISSING_HOLD,0.000259,FAIL,PRED_FAIL;SEQ_ORDER;N_TOO_LOW;PRED_FAIL;SEQ_MISS,0.008986
s1_seq_miss-006,s1_seq_miss,SEQ_MISS,1006,runs/s1_seq_miss-006.jsonl,0,MISSING_HOLD,0.000262,FAIL,PRED_FAIL;SEQ_ORDER;N_TOO_LOW;PRED_FAIL;SEQ_MISS,0.009159
s1_seq_miss-007,s1_seq_miss,SEQ_MISS,1007,runs/s1_seq_miss-007.jsonl,0,MISSING_HOLD,0.000269,FAIL,PRED_FAIL;SEQ_ORDER;N_TOO_LOW;PRED_FAIL;SEQ_MISS,0.008818
s1_seq_miss-008,s1_seq_miss,SEQ_MISS,1008,runs/s1_seq_miss-008.jsonl,0,MISSING_HOLD,0.000263,FAIL,PRED_FAIL;SEQ_ORDER;N_TOO_LOW;PRED_FAIL;SEQ_MISS,0.009347
s1_seq_miss-009,s1_seq_miss,SEQ_MISS,1009,runs/s1_seq_miss-009.jsonl,0,MISSING_HOLD,0.000252,FAIL,PRED_FAIL;SEQ_ORDER;N_TOO_LOW;PRED_FAIL;SEQ_MISS,0.008738
s1_seq_miss-010,s1_seq_miss,SEQ_MISS,1010,runs/s1_seq_miss-010.jsonl,0,MISSING_HOLD,0.000267,FAIL,PRED_FAIL;SEQ_ORDER;N_TOO_LOW;PRED_FAIL;SEQ_MISS,0.008920
s1_seq_miss-011,s1_seq_miss,SEQ_MISS,1011,runs/s1_seq_miss-011.jsonl,0,MISSING_HOLD,0.000258,FAIL,PRED_FAIL;SEQ_ORDER;N_TOO_LOW;PRED_FAIL;SEQ_MISS,0.008851
s1_seq_miss-012,s1_seq_miss,SEQ_MISS,1012,runs/s1_seq_miss-012.jsonl,0,MISSING_HOLD,0.000269,FAIL,PRED_FAIL;SEQ_ORDER;N_TOO_LOW;PRED_FAIL;SEQ_MISS,0.009635
s1_seq_miss-013,s1_seq_miss,SEQ_MISS,1013,runs/s1_seq_miss-013.jsonl,0,MISSING_HOLD,0.000243,FAIL,PRED_FAIL;SEQ_ORDER;N_TOO_LOW;PRED_FAIL;SEQ_MISS,0.009085
s1_seq_miss-014,s1_seq_miss,SEQ_MISS,1014,runs/s1_seq_miss-014.jsonl,0,MISSING_HOLD,0.000258,FAIL,PRED_FAIL;SEQ_ORDER;N_TOO_LOW;PRED_FAIL;SEQ_MISS,0.008757
s1_seq_miss-015,s1_seq_miss,SEQ_MISS,1015,runs/s1_seq_miss-015.jsonl,0,MISSING_HOLD,0.000239,FAIL,PRED_FAIL;SEQ_ORDER;N_TOO_LOW;PRED_FAIL;SEQ_MISS,0.009096
s1_seq_miss-016,s1_seq_miss,SEQ_MISS,1016,runs/s1_seq_miss-016.jsonl,0,MISSING_HOLD,0.000266,FAIL,PRED_FAIL;SEQ_ORDER;N_TOO_LOW;PRED_FAIL;SEQ_MISS,0.009768
s1_seq_miss-017,s1_seq_miss,SEQ_MISS,1017,runs/s1_seq_miss-017.jsonl,0,MISSING_HOLD,0.000256,FAIL,PRED_FAIL;SEQ_ORDER;N_TOO_LOW;PRED_FAIL;SEQ_MISS,0.009417
s1_seq_miss-018,s1_seq_miss,SEQ_MISS,1018,runs/s1_seq_miss-018.jsonl,0,MISSING_HOLD,0.000234,FAIL,PRED_FAIL;SEQ_ORDER;N_TOO_LOW;PRED_FAIL;SEQ_MISS,0.009622
s1_seq_miss-019,s1_seq_miss,SEQ_MISS,1019,runs/s1_seq_miss-019.jsonl,0,MISSING_HOLD,0.000232,FAIL,PRED_FAIL;SEQ_ORDER;N_TOO_LOW;PRED_FAIL;SEQ_MISS,0.009282
s1_seq_miss-020,s1_seq_miss,SEQ_MISS,1020,runs/s1_seq_miss-020.jsonl,0,MISSING_HOLD,0.000237,FAIL,PRED_FAIL;SEQ_ORDER;N_TOO_LOW;PRED_FAIL;SEQ_MISS,0.009122
s1_seq_miss-021,s1_seq_miss,SEQ_MISS,1021,runs/s1_seq_miss-021.jsonl,0,MISSING_HOLD,0.000261,FAIL,PRED_FAIL;SEQ_ORDER;N_TOO_LOW;PRED_FAIL;SEQ_MISS,0.008954
s1_seq_miss-022,s1_seq_miss,SEQ_MISS,1022,runs/s1_seq_miss-022.jsonl,0,MISSING_HOLD,0.000250,FAIL,PRED_FAIL;SEQ_ORDER;N_TOO_LOW;PRED_FAIL;SEQ_MISS,0.009149
s1_seq_miss-023,s1_seq_miss,SEQ_MISS,1023,runs/s1_seq_miss-023.jsonl,0,MISSING_HOLD,0.000250,FAIL,PRED_FAIL;SEQ_ORDER;N_TOO_LOW;PRED_FAIL;SEQ_MISS,0.008890
s1_seq_miss-024,s1_seq_miss,SEQ_MISS,1024,runs/s1_seq_miss-024.jsonl,0,MISSING_HOLD,0.000240,FAIL,PRED_FAIL;SEQ_ORDER;N_TOO_LOW;PRED_FAIL;SEQ_MISS,0.009142
s1_seq_miss-025,s1_seq_miss,SEQ_MISS,1025,runs/s1_seq_miss-025.jsonl,0,MISSING_HOLD,0.000258,FAIL,PRED_FAIL;SEQ_ORDER;N_TOO_LOW;PRED_FAIL;SEQ_MISS,0.008649
s1_seq_miss-026,s1_seq_miss,SEQ_MISS,1026,runs/s1_seq_miss-026.jsonl,0,MISSING_HOLD,0.000251,FAIL,PRED_FAIL;SEQ_ORDER;N_TOO_LOW;PRED_FAIL;SEQ_MISS,0.009609
s1_seq_miss-027,s1_seq_miss,SEQ_MISS,1027,runs/s1_seq_miss-027.jsonl,0,MISSING_HOLD,0.000255,FAIL,PRED_FAIL;SEQ_ORDER;N_TOO_LOW;PRED_FAIL;SEQ_MISS,0.009196
s1_seq_miss-028,s1_seq_miss,SEQ_MISS,1028,runs/s1_seq_miss-028.jsonl,0,MISSING_HOLD,0.000274,FAIL,PRED_FAIL;SEQ_ORDER;N_TOO_LOW;PRED_FAIL;SEQ_MISS,0.009115
s1_seq_miss-029,s1_seq_miss,SEQ_MISS,1029,runs/s1_seq_miss-029.jsonl,0,MISSING_HOLD,0.000257,FAIL,PRED_FAIL;SEQ_ORDER;N_TOO_LOW;PRED_FAIL;SEQ_MISS,0.008986
s1_seq_miss-030,s1_seq_miss,SEQ_MISS,1030,runs/s1_seq_miss-030.jsonl,0,MISSING_HOLD,0.000249,FAIL,PRED_FAIL;SEQ_ORDER;N_TOO_LOW;PRED_FAIL;SEQ_MISS,0.008711
s1_seq_miss-031,s1_seq_miss,SEQ_MISS,1031,runs/s1_seq_miss-031.jsonl,0,MISSING_HOLD,0.000318,FAIL,PRED_FAIL;SEQ_ORDER;N_TOO_LOW;PRED_FAIL;SEQ_MISS,0.009331
s1_seq_miss-032,s1_seq_miss,SEQ_MISS,1032,runs/s1_seq_miss-032.jsonl,0,MISSING_HOLD,0.000262,FAIL,PRED_FAIL;SEQ_ORDER;N_TOO_LOW;PRED_FAIL;SEQ_MISS,0.009196
s1_seq_miss-033,s1_seq_miss,SEQ_MISS,1033,runs/s1_seq_miss-033.jsonl,0,MISSING_HOLD,0.000264,FAIL,PRED_FAIL;SEQ_ORDER;N_TOO_LOW;PRED_FAIL;SEQ_MISS,0.008740
s1_seq_miss-034,s1_seq_miss,SEQ_MISS,1034,runs/s1_seq_miss-034.jsonl,0,MISSING_HOLD,0.000262,FAIL,PRED_FAIL;SEQ_ORDER;N_TOO_LOW;PRED_FAIL;SEQ_MISS,0.009526
s1_seq_miss-035,s1_seq_miss,SEQ_MISS,1035,runs/s1_seq_miss-035.jsonl,0,MISSING_HOLD,0.000255,FAIL,PRED_FAIL;SEQ_ORDER;N_TOO_LOW;PRED_FAIL;SEQ_MISS,0.038193
s1_seq_miss-036,s1_seq_miss,SEQ_MISS,1036,runs/s1_seq_miss-036.jsonl,0,MISSING_HOLD,0.000256,FAIL,PRED_FAIL;SEQ_ORDER;N_TOO_LOW;PRED_FAIL;SEQ_MISS,0.008639
s1_seq_miss-037,s1_seq_miss,SEQ_MISS,1037,runs/s1_seq_miss-037.jsonl,0,MISSING_HOLD,0.000246,FAIL,PRED_FAIL;SEQ_ORDER;N_TOO_LOW;PRED_FAIL;SEQ_MISS,0.008887
s1_seq_miss-038,s1_seq_miss,SEQ_MISS,1038,runs/s1_seq_miss-038.jsonl,0,MISSING_HOLD,0.000270,FAIL,PRED_FAIL;SEQ_ORDER;N_TOO_LOW;PRED_FAIL;SEQ_MISS,0.009319
s1_seq_miss-039,s1_seq_miss,SEQ_MISS,1039,runs/s1_seq_miss-039.jsonl,0,MISSING_HOLD,0.000266,FAIL,PRED_FAIL;SEQ_ORDER;N_TOO_LOW;PRED_FAIL;SEQ_MISS,0.008692
s1_seq_miss-040,s1_seq_miss,SEQ_MISS,1040,runs/s1_seq_miss-040.jsonl,0,MISSING_HOLD,0.000282,FAIL,PRED_FAIL;SEQ_ORDER;N_TOO_LOW;PRED_FAIL;SEQ_MISS,0.009501
s1_seq_miss-041,s1_seq_miss,SEQ_MISS,1041,runs/s1_seq_miss-041.jsonl,0,MISSING_HOLD,0.000284,FAIL,PRED_FAIL;SEQ_ORDER;N_TOO_LOW;PRED_FAIL;SEQ_MISS,0.009315
s1_seq_miss-042,s1_seq_miss,SEQ_MISS,1042,runs/s1_seq_miss-042.jsonl,0,MISSING_HOLD,0.000245,FAIL,PRED_FAIL;SEQ_ORDER;N_TOO_LOW;PRED_FAIL;SEQ_MISS,0.008958
s1_seq_miss-043,s1_seq_miss,SEQ_MISS,1043,runs/s1_seq_miss-043.jsonl,0,MISSING_HOLD,0.000258,FAIL,PRED_FAIL;SEQ_ORDER;N_TOO_LOW;PRED_FAIL;SEQ_MISS,0.008700
s1_seq_miss-044,s1_seq_miss,SEQ_MISS,1044,runs/s1_seq_miss-044.jsonl,0,MISSING_HOLD,0.000273,FAIL,PRED_FAIL;SEQ_ORDER;N_TOO_LOW;PRED_FAIL;SEQ_MISS,0.008869
s1_seq_miss-045,s1_seq_miss,SEQ_MISS,1045,runs/s1_seq_miss-045.jsonl,0,MISSING_HOLD,0.000246,FAIL,PRED_FAIL;SEQ_ORDER;N_TOO_LOW;PRED_FAIL;SEQ_MISS,0.009154
s1_seq_miss-046,s1_seq_miss,SEQ_MISS,1046,runs/s1_seq_miss-046.jsonl,0,MISSING_HOLD,0.000245,FAIL,PRED_FAIL;SEQ_ORDER;N_TOO_LOW;PRED_FAIL;SEQ_MISS,0.008661
s1_seq_miss-047,s1_seq_miss,SEQ_MISS,1047,runs/s1_seq_miss-047.jsonl,0,MISSING_HOLD,0.000266,FAIL,PRED_FAIL;SEQ_ORDER;N_TOO_LOW;PRED_FAIL;SEQ_MISS,0.009073
s1_seq_miss-048,s1_seq_miss,SEQ_MISS,1048,runs/s1_seq_miss-048.jsonl,0,MISSING_HOLD,0.000263,FAIL,PRED_FAIL;SEQ_ORDER;N_TOO_LOW;PRED_FAIL;SEQ_MISS,0.009217
s1_seq_miss-049,s1_seq_miss,SEQ_MISS,1049,runs/s1_seq_miss-049.jsonl,0,MISSING_HOLD,0.000259,FAIL,PRED_FAIL;SEQ_ORDER;N_TOO_LOW;PRED_FAIL;SEQ_MISS,0.008948
s1_seq_order-000,s1_seq_order,SEQ_ORDER,1000,runs/s1_seq_order-000.jsonl,1,,0.000886,FAIL,PRED_FAIL;SEQ_ORDER;SEQ_ORDER;SEQ_ORDER;N_TOO_LOW;PRED_FAIL,0.021640
s1_seq_order-001,s1_seq_order,SEQ_ORDER,1001,runs/s1_seq_order-001.jsonl,1,,0.000887,FAIL,PRED_FAIL;SEQ_ORDER;SEQ_ORDER;SEQ_ORDER;N_TOO_LOW;PRED_FAIL,0.021965
s1_seq_order-002,s1_seq_order,SEQ_ORDER,1002,runs/s1_seq_order-002.jsonl,1,,0.000938,FAIL,PRED_FAIL;SEQ_ORDER;SEQ_ORDER;SEQ_ORDER;N_TOO_LOW;PRED_FAIL,0.021789
s1_seq_order-003,s1_seq_order,SEQ_ORDER,1003,runs/s1_seq_order-003.jsonl,1,,0.000867,FAIL,PRED_FAIL;SEQ_ORDER;SEQ_ORDER;SEQ_ORDER;N_TOO_LOW;PRED_FAIL,0.021716
s1_seq_order-004,s1_seq_order,SEQ_ORDER,1004,runs/s1_seq_order-004.jsonl,1,,0.000855,FAIL,PRED_FAIL;SEQ_ORDER;SEQ_ORDER;SEQ_ORDER;N_TOO_LOW;PRED_FAIL,0.021579
s1_seq_order-005,s1_seq_order,SEQ_ORDER,1005,runs/s1_seq_order-005.jsonl,1,,0.000929,FAIL,PRED_FAIL;SEQ_ORDER;SEQ_ORDER;SEQ_ORDER;N_TOO_LOW;PRED_FAIL,0.021764
s1_seq_order-006,s1_seq_order,SEQ_ORDER,1006,runs/s1_seq_order-006.jsonl,1,,0.000882,FAIL,PRED_FAIL;SEQ_ORDER;SEQ_ORDER;SEQ_ORDER;N_TOO_LOW;PRED_FAIL,0.021309
s1_seq_order-007,s1_seq_order,SEQ_ORDER,1007,runs/s1_seq_order-007.jsonl,1,,0.000879,FAIL,PRED_FAIL;SEQ_ORDER;SEQ_ORDER;SEQ_ORDER;N_TOO_LOW;PRED_FAIL,0.021361
s1_seq_order-008,s1_seq_order,SEQ_ORDER,1008,runs/s1_seq_order-008.jsonl,1,,0.000863,FAIL,PRED_FAIL;SEQ_ORDER;SEQ_ORDER;SEQ_ORDER;N_TOO_LOW;PRED_FAIL,0.022880
s1_seq_order-009,s1_seq_order,SEQ_ORDER,1009,runs/s1_seq_order-009.jsonl,1,,0.000856,FAIL,PRED_FAIL;SEQ_ORDER;SEQ_ORDER;SEQ_ORDER;N_TOO_LOW;PRED_FAIL,0.021879
s1_seq_order-010,s1_seq_order,SEQ_ORDER,1010,runs/s1_seq_order-010.jsonl,1,,0.000884,FAIL,PRED_FAIL;SEQ_ORDER;SEQ_ORDER;SEQ_ORDER;N_TOO_LOW;PRED_FAIL,0.021890
s1_seq_order-011,s1_seq_order,SEQ_ORDER,1011,runs/s1_seq_order-011.jsonl,1,,0.000865,FAIL,PRED_FAIL;SEQ_ORDER;SEQ_ORDER;SEQ_ORDER;N_TOO_LOW;PRED_FAIL,0.022554
s1_seq_order-012,s1_seq_order,SEQ_ORDER,1012,runs/s1_seq_order-012.jsonl,1,,0.000870,FAIL,PRED_FAIL;SEQ_ORDER;SEQ_ORDER;SEQ_ORDER;N_TOO_LOW;PRED_FAIL,0.021730
s1_seq_order-013,s1_seq_order,SEQ_ORDER,1013,runs/s1_seq_order-013.jsonl,1,,0.000864,FAIL,PRED_FAIL;SEQ_ORDER;SEQ_ORDER;SEQ_ORDER;N_TOO_LOW;PRED_FAIL,0.021119
s1_seq_order-014,s1_seq_order,SEQ_ORDER,1014,runs/s1_seq_order-014.jsonl,1,,0.000925,FAIL,PRED_FAIL;SEQ_ORDER;SEQ_ORDER;SEQ_ORDER;N_TOO_LOW;PRED_FAIL,0.021620
s1_seq_order-015,s1_seq_order,SEQ_ORDER,1015,runs/s1_seq_order-015.jsonl,1,,0.000872,FAIL,PRED_FAIL;SEQ_ORDER;SEQ_ORDER;SEQ_ORDER;N_TOO_LOW;PRED_FAIL,0.022276
s1_seq_order-016,s1_seq_order,SEQ_ORDER,1016,runs/s1_seq_order-016.jsonl,1,,0.000901,FAIL,PRED_FAIL;SEQ_ORDER;SEQ_ORDER;SEQ_ORDER;N_TOO_LOW;PRED_FAIL,0.021573
s1_seq_order-017,s1_seq_order,SEQ_ORDER,1017,runs/s1_seq_order-017.jsonl,1,,0.000885,FAIL,PRED_FAIL;SEQ_ORDER;SEQ_ORDER;SEQ_ORDER;N_TOO_LOW;PRED_FAIL,0.021526
s1_seq_order-018,s1_seq_order,SEQ_ORDER,1018,runs/s1_seq_order-018.jsonl,1,,0.000885,FAIL,PRED_FAIL;SEQ_ORDER;SEQ_ORDER;SEQ_ORDER;N_TOO_LOW;PRED_FAIL,0.021641
s1_seq_order-019,s1_seq_order,SEQ_ORDER,1019,runs/s1_seq_order-019.jsonl,1,,0.000867,FAIL,PRED_FAIL;SEQ_ORDER;SEQ_ORDER;SEQ_ORDER;N_TOO_LOW;PRED_FAIL,0.021478
s1_seq_order-020,s1_seq_order,SEQ_ORDER,1020,runs/s1_seq_order-020.jsonl,1,,0.000918,FAIL,PRED_FAIL;SEQ_ORDER;SEQ_ORDER;SEQ_ORDER;N_TOO_LOW;PRED_FAIL,0.022139
s1_seq_order-021,s1_seq_order,SEQ_ORDER,1021,runs/s1_seq_order-021.jsonl,1,,0.000890,FAIL,PRED_FAIL;SEQ_ORDER;SEQ_ORDER;SEQ_ORDER;N_TOO_LOW;PRED_FAIL,0.022006
s1_seq_order-022,s1_seq_order,SEQ_ORDER,1022,runs/s1_seq_order-022.jsonl,1,,0.001007,FAIL,PRED_FAIL;SEQ_ORDER;SEQ_ORDER;SEQ_ORDER;N_TOO_LOW;PRED_FAIL,0.022901
s1_seq_order-023,s1_seq_order,SEQ_ORDER,1023,runs/s1_seq_order-023.jsonl,1,,0.000899,FAIL,PRED_FAIL;SEQ_ORDER;SEQ_ORDER;SEQ_ORDER;N_TOO_LOW;PRED_FAIL,0.023894
s1_seq_order-024,s1_seq_order,SEQ_ORDER,1024,runs/s1_seq_order-024.jsonl,1,,0.000897,FAIL,PRED_FAIL;SEQ_ORDER;SEQ_ORDER;SEQ_ORDER;N_TOO_LOW;PRED_FAIL,0.022484
s1_seq_order-025,s1_seq_order,SEQ_ORDER,1025,runs/s1_seq_order-025.jsonl,1,,0.000858,FAIL,PRED_FAIL;SEQ_ORDER;SEQ_ORDER;SEQ_ORDER;N_TOO_LOW;PRED_FAIL,0.022709
s1_seq_order-026,s1_seq_order,SEQ_ORDER,1026,runs/s1_seq_order-026.jsonl,1,,0.000874,FAIL,PRED_FAIL;SEQ_ORDER;SEQ_ORDER;SEQ_ORDER;N_TOO_LOW;PRED_FAIL,0.022261
s1_seq_order-027,s1_seq_order,SEQ_ORDER,1027,runs/s1_seq_order-027.jsonl,1,,0.000890,FAIL,PRED_FAIL;SEQ_ORDER;SEQ_ORDER;SEQ_ORDER;N_TOO_LOW;PRED_FAIL,0.021545
s1_seq_order-028,s1_seq_order,SEQ_ORDER,1028,runs/s1_seq_order-028.jsonl,1,,0.000921,FAIL,PRED_FAIL;SEQ_ORDER;SEQ_ORDER;SEQ_ORDER;N_TOO_LOW;PRED_FAIL,0.022567
s1_seq_order-029,s1_seq_order,SEQ_ORDER,1029,runs/s1_seq_order-029.jsonl,1,,0.000863,FAIL,PRED_FAIL;SEQ_ORDER;SEQ_ORDER;SEQ_ORDER;N_TOO_LOW;PRED_FAIL,0.021274
s1_seq_order-030,s1_seq_order,SEQ_ORDER,1030,runs/s1_seq_order-030.jsonl,1,,0.000854,FAIL,PRED_FAIL;SEQ_ORDER;SEQ_ORDER;SEQ_ORDER;N_TOO_LOW;PRED_FAIL,0.022103
s1_seq_order-031,s1_seq_order,SEQ_ORDER,1031,runs/s1_seq_order-031.jsonl,1,,0.000994,FAIL,PRED_FAIL;SEQ_ORDER;SEQ_ORDER;SEQ_ORDER;N_TOO_LOW;PRED_FAIL,0.022422
s1_seq_order-032,s1_seq_order,SEQ_ORDER,1032,runs/s1_seq_order-032.jsonl,1,,0.000902,FAIL,PRED_FAIL;SEQ_ORDER;SEQ_ORDER;SEQ_ORDER;N_TOO_LOW;PRED_FAIL,0.021639
s1_seq_order-033,s1_seq_order,SEQ_ORDER,1033,runs/s1_seq_order-033.jsonl,1,,0.000907,FAIL,PRED_FAIL;SEQ_ORDER;SEQ_ORDER;SEQ_ORDER;N_TOO_LOW;PRED_FAIL,0.021789
s1_seq_order-034,s1_seq_order,SEQ_ORDER,1034,runs/s1_seq_order-034.jsonl,1,,0.000899,FAIL,PRED_FAIL;SEQ_ORDER;SEQ_ORDER;SEQ_ORDER;N_TOO_LOW;PRED_FAIL,0.021658
s1_seq_order-035,s1_seq_order,SEQ_ORDER,1035,runs/s1_seq_order-035.jsonl,1,,0.000859,FAIL,PRED_FAIL;SEQ_ORDER;SEQ_ORDER;SEQ_ORDER;N_TOO_LOW;PRED_FAIL,0.022072
s1_seq_order-036,s1_seq_order,SEQ_ORDER,1036,runs/s1_seq_order-036.jsonl,1,,0.000856,FAIL,PRED_FAIL;SEQ_ORDER;SEQ_ORDER;SEQ_ORDER;N_TOO_LOW;PRED_FAIL,0.021377
s1_seq_order-037,s1_seq_order,SEQ_ORDER,1037,runs/s1_seq_order-037.jsonl,1,,0.000957,FAIL,PRED_FAIL;SEQ_ORDER;SEQ_ORDER;SEQ_ORDER;N_TOO_LOW;PRED_FAIL,0.021767
s1_seq_order-038,s1_seq_order,SEQ_ORDER,1038,runs/s1_seq_order-038.jsonl,1,,0.000877,FAIL,PRED_FAIL;SEQ_ORDER;SEQ_ORDER;SEQ_ORDER;N_TOO_LOW;PRED_FAIL,0.022444
s1_seq_order-039,s1_seq_order,SEQ_ORDER,1039,runs/s1_seq_order-039.jsonl,1,,0.000851,FAIL,PRED_FAIL;SEQ_ORDER;SEQ_ORDER;SEQ_ORDER;N_TOO_LOW;PRED_FAIL,0.021373
s1_seq_order-040,s1_seq_order,SEQ_ORDER,1040,runs/s1_seq_order-040.jsonl,1,,0.000916,FAIL,PRED_FAIL;SEQ_ORDER;SEQ_ORDER;SEQ_ORDER;N_TOO_LOW;PRED_FAIL,0.021621
s1_seq_order-041,s1_seq_order,SEQ_ORDER,1041,runs/s1_seq_order-041.jsonl,1,,0.000886,FAIL,PRED_FAIL;SEQ_ORDER;SEQ_ORDER;SEQ_ORDER;N_TOO_LOW;PRED_FAIL,0.022426
s1_seq_order-042,s1_seq_order,SEQ_ORDER,1042,runs/s1_seq_order-042.jsonl,1,,0.000897,FAIL,PRED_FAIL;SEQ_ORDER;SEQ_ORDER;SEQ_ORDER;N_TOO_LOW;PRED_FAIL,0.021717
s1_seq_order-043,s1_seq_order,SEQ_ORDER,1043,runs/s1_seq_order-043.jsonl,1,,0.000911,FAIL,PRED_FAIL;SEQ_ORDER;SEQ_ORDER;SEQ_ORDER;N_TOO_LOW;PRED_FAIL,0.022992
s1_seq_order-044,s1_seq_order,SEQ_ORDER,1044,runs/s1_seq_order-044.jsonl,1,,0.000864,FAIL,PRED_FAIL;SEQ_ORDER;SEQ_ORDER;SEQ_ORDER;N_TOO_LOW;PRED_FAIL,0.021418
s1_seq_order-045,s1_seq_order,SEQ_ORDER,1045,runs/s1_seq_order-045.jsonl,1,,0.001027,FAIL,PRED_FAIL;SEQ_ORDER;SEQ_ORDER;SEQ_ORDER;N_TOO_LOW;PRED_FAIL,0.021841
s1_seq_order-046,s1_seq_order,SEQ_ORDER,1046,runs/s1_seq_order-046.jsonl,1,,0.000923,FAIL,PRED_FAIL;SEQ_ORDER;SEQ_ORDER;SEQ_ORDER;N_TOO_LOW;PRED_FAIL,0.021800
s1_seq_order-047,s1_seq_order,SEQ_ORDER,1047,runs/s1_seq_order-047.jsonl,1,,0.000859,FAIL,PRED_FAIL;SEQ_ORDER;SEQ_ORDER;SEQ_ORDER;N_TOO_LOW;PRED_FAIL,0.021377
s1_seq_order-048,s1_seq_order,SEQ_ORDER,1048,runs/s1_seq_order-048.jsonl,1,,0.000847,FAIL,PRED_FAIL;SEQ_ORDER;SEQ_ORDER;SEQ_ORDER;N_TOO_LOW;PRED_FAIL,0.021434
s1_seq_order-049,s1_seq_order,SEQ_ORDER,1049,runs/s1_seq_order-049.jsonl,1,,0.000869,FAIL,PRED_FAIL;SEQ_ORDER;SEQ_ORDER;SEQ_ORDER;N_TOO_LOW;PRED_FAIL,0.021685
s1_time_over-000,s1_time_over,TIME_OVER,1000,runs/s1_time_over-000.jsonl,1,,0.000988,FAIL,PRED_FAIL;PRED_FAIL;N_TOO_LOW;PRED_FAIL,0.021745
s1_time_over-001,s1_time_over,TIME_OVER,1001,runs/s1_time_over-001.jsonl,1,,0.000927,FAIL,PRED_FAIL;PRED_FAIL;N_TOO_LOW;PRED_FAIL,0.022979
s1_time_over-002,s1_time_over,TIME_OVER,1002,runs/s1_time_over-002.jsonl,1,,0.000881,FAIL,PRED_FAIL;PRED_FAIL;N_TOO_LOW;PRED_FAIL,0.021377
s1_time_over-003,s1_time_over,TIME_OVER,1003,runs/s1_time_over-003.jsonl,1,,0.000895,FAIL,PRED_FAIL;PRED_FAIL;N_TOO_LOW;PRED_FAIL,0.022690
s1_time_over-004,s1_time_over,TIME_OVER,1004,runs/s1_time_over-004.jsonl,1,,0.000879,FAIL,PRED_FAIL;PRED_FAIL;N_TOO_LOW;PRED_FAIL,0.021700
s1_time_over-005,s1_time_over,TIME_OVER,1005,runs/s1_time_over-005.jsonl,1,,0.000862,FAIL,PRED_FAIL;PRED_FAIL;N_TOO_LOW;PRED_FAIL,0.021330
s1_time_over-006,s1_time_over,TIME_OVER,1006,runs/s1_time_over-006.jsonl,1,,0.000926,FAIL,PRED_FAIL;PRED_FAIL;N_TOO_LOW;PRED_FAIL,0.021542
s1_time_over-007,s1_time_over,TIME_OVER,1007,runs/s1_time_over-007.jsonl,1,,0.000875,FAIL,PRED_FAIL;PRED_FAIL;N_TOO_LOW;PRED_FAIL,0.022687
s1_time_over-008,s1_time_over,TIME_OVER,1008,runs/s1_time_over-008.jsonl,1,,0.000930,FAIL,PRED_FAIL;PRED_FAIL;N_TOO_LOW;PRED_FAIL,0.038030
s1_time_over-009,s1_time_over,TIME_OVER,1009,runs/s1_time_over-009.jsonl,1,,0.000847,FAIL,PRED_FAIL;PRED_FAIL;N_TOO_LOW;PRED_FAIL,0.022553
s1_time_over-010,s1_time_over,TIME_OVER,1010,runs/s1_time_over-010.jsonl,1,,0.000882,FAIL,PRED_FAIL;PRED_FAIL;N_TOO_LOW;PRED_FAIL,0.021928
s1_time_over-011,s1_time_over,TIME_OVER,1011,runs/s1_time_over-011.jsonl,1,,0.000896,FAIL,PRED_FAIL;PRED_FAIL;N_TOO_LOW;PRED_FAIL,0.021930
s1_time_over-012,s1_time_over,TIME_OVER,1012,runs/s1_time_over-012.jsonl,1,,0.000900,FAIL,PRED_FAIL;PRED_FAIL;N_TOO_LOW;PRED_FAIL,0.022305
s1_time_over-013,s1_time_over,TIME_OVER,1013,runs/s1_time_over-013.jsonl,1,,0.000898,FAIL,PRED_FAIL;PRED_FAIL;N_TOO_LOW;PRED_FAIL,0.021844
s1_time_over-014,s1_time_over,TIME_OVER,1014,runs/s1_time_over-014.jsonl,1,,0.001186,FAIL,PRED_FAIL;PRED_FAIL;N_TOO_LOW;PRED_FAIL,0.024964
s1_time_over-015,s1_time_over,TIME_OVER,1015,runs/s1_time_over-015.jsonl,1,,0.000867,FAIL,PRED_FAIL;PRED_FAIL;N_TOO_LOW;PRED_FAIL,0.022962
s1_time_over-016,s1_time_over,TIME_OVER,1016,runs/s1_time_over-016.jsonl,1,,0.000900,FAIL,PRED_FAIL;PRED_FAIL;N_TOO_LOW;PRED_FAIL,0.022875
s1_time_over-017,s1_time_over,TIME_OVER,1017,runs/s1_time_over-017.jsonl,1,,0.000896,FAIL,PRED_FAIL;PRED_FAIL;N_TOO_LOW;PRED_FAIL,0.023027
s1_time_over-018,s1_time_over,TIME_OVER,1018,runs/s1_time_over-018.jsonl,1,,0.000910,FAIL,PRED_FAIL;PRED_FAIL;N_TOO_LOW;PRED_FAIL,0.024900
s1_time_over-019,s1_time_over,TIME_OVER,1019,runs/s1_time_over-019.jsonl,1,,0.000923,FAIL,PRED_FAIL;PRED_FAIL;N_TOO_LOW;PRED_FAIL,0.026364
s1_time_over-020,s1_time_over,TIME_OVER,1020,runs/s1_time_over-020.jsonl,1,,0.000941,FAIL,PRED_FAIL;PRED_FAIL;N_TOO_LOW;PRED_FAIL,0.022740
s1_time_over-021,s1_time_over,TIME_OVER,1021,runs/s1_time_over-021.jsonl,1,,0.000960,FAIL,PRED_FAIL;PRED_FAIL;N_TOO_LOW;PRED_FAIL,0.023209
s1_time_over-022,s1_time_over,TIME_OVER,1022,runs/s1_time_over-022.jsonl,1,,0.000917,FAIL,PRED_FAIL;PRED_FAIL;N_TOO_LOW;PRED_FAIL,0.021876
s1_time_over-023,s1_time_over,TIME_OVER,1023,runs/s1_time_over-023.jsonl,1,,0.000859,FAIL,PRED_FAIL;PRED_FAIL;N_TOO_LOW;PRED_FAIL,0.021281
s1_time_over-024,s1_time_over,TIME_OVER,1024,runs/s1_time_over-024.jsonl,1,,0.000888,FAIL,PRED_FAIL;PRED_FAIL;N_TOO_LOW;PRED_FAIL,0.021569
s1_time_over-025,s1_time_over,TIME_OVER,1025,runs/s1_time_over-025.jsonl,1,,0.000982,FAIL,PRED_FAIL;PRED_FAIL;N_TOO_LOW;PRED_FAIL,0.022087
s1_time_over-026,s1_time_over,TIME_OVER,1026,runs/s1_time_over-026.jsonl,1,,0.000911,FAIL,PRED_FAIL;PRED_FAIL;N_TOO_LOW;PRED_FAIL,0.022563
s1_time_over-027,s1_time_over,TIME_OVER,1027,runs/s1_time_over-027.jsonl,1,,0.000900,FAIL,PRED_FAIL;PRED_FAIL;N_TOO_LOW;PRED_FAIL,0.024108
s1_time_over-028,s1_time_over,TIME_OVER,1028,runs/s1_time_over-028.jsonl,1,,0.000884,FAIL,PRED_FAIL;PRED_FAIL;N_TOO_LOW;PRED_FAIL,0.021582
s1_time_over-029,s1_time_over,TIME_OVER,1029,runs/s1_time_over-029.jsonl,1,,0.001019,FAIL,PRED_FAIL;PRED_FAIL;N_TOO_LOW;PRED_FAIL,0.027321
s1_time_over-030,s1_time_over,TIME_OVER,1030,runs/s1_time_over-030.jsonl,1,,0.000873,FAIL,PRED_FAIL;PRED_FAIL;N_TOO_LOW;PRED_FAIL,0.021793
s1_time_over-031,s1_time_over,TIME_OVER,1031,runs/s1_time_over-031.jsonl,1,,0.000941,FAIL,PRED_FAIL;PRED_FAIL;N_TOO_LOW;PRED_FAIL,0.022149
s1_time_over-032,s1_time_over,TIME_OVER,1032,runs/s1_time_over-032.jsonl,1,,0.000906,FAIL,PRED_FAIL;PRED_FAIL;N_TOO_LOW;PRED_FAIL,0.022077
s1_time_over-033,s1_time_over,TIME_OVER,1033,runs/s1_time_over-033.jsonl,1,,0.000938,FAIL,PRED_FAIL;PRED_FAIL;N_TOO_LOW;PRED_FAIL,0.022577
s1_time_over-034,s1_time_over,TIME_OVER,1034,runs/s1_time_over-034.jsonl,1,,0.001045,FAIL,PRED_FAIL;PRED_FAIL;N_TOO_LOW;PRED_FAIL,0.023413
s1_time_over-035,s1_time_over,TIME_OVER,1035,runs/s1_time_over-035.jsonl,1,,0.000901,FAIL,PRED_FAIL;PRED_FAIL;N_TOO_LOW;PRED_FAIL,0.022618
s1_time_over-036,s1_time_over,TIME_OVER,1036,runs/s1_time_over-036.jsonl,1,,0.000918,FAIL,PRED_FAIL;PRED_FAIL;N_TOO_LOW;PRED_FAIL,0.022412
s1_time_over-037,s1_time_over,TIME_OVER,1037,runs/s1_time_over-037.jsonl,1,,0.001009,FAIL,PRED_FAIL;PRED_FAIL;N_TOO_LOW;PRED_FAIL,0.022417
s1_time_over-038,s1_time_over,TIME_OVER,1038,runs/s1_time_over-038.jsonl,1,,0.001241,FAIL,PRED_FAIL;PRED_FAIL;N_TOO_LOW;PRED_FAIL,0.024451
s1_time_over-039,s1_time_over,TIME_OVER,1039,runs/s1_time_over-039.jsonl,1,,0.000912,FAIL,PRED_FAIL;PRED_FAIL;N_TOO_LOW;PRED_FAIL,0.022981
s1_time_over-040,s1_time_over,TIME_OVER,1040,runs/s1_time_over-040.jsonl,1,,0.000910,FAIL,PRED_FAIL;PRED_FAIL;N_TOO_LOW;PRED_FAIL,0.022771
s1_time_over-041,s1_time_over,TIME_OVER,1041,runs/s1_time_over-041.jsonl,1,,0.000883,FAIL,PRED_FAIL;PRED_FAIL;N_TOO_LOW;PRED_FAIL,0.021766
s1_time_over-042,s1_time_over,TIME_OVER,1042,runs/s1_time_over-042.jsonl,1,,0.000915,FAIL,PRED_FAIL;PRED_FAIL;N_TOO_LOW;PRED_FAIL,0.024074
s1_time_over-043,s1_time_over,TIME_OVER,1043,runs/s1_time_over-043.jsonl,1,,0.000971,FAIL,PRED_FAIL;PRED_FAIL;N_TOO_LOW;PRED_FAIL,0.023031
s1_time_over-044,s1_time_over,TIME_OVER,1044,runs/s1_time_over-044.jsonl,1,,0.000855,FAIL,PRED_FAIL;PRED_FAIL;N_TOO_LOW;PRED_FAIL,0.022096
s1_time_over-045,s1_time_over,TIME_OVER,1045,runs/s1_time_over-045.jsonl,1,,0.000902,FAIL,PRED_FAIL;PRED_FAIL;N_TOO_LOW;PRED_FAIL,0.024047
s1_time_over-046,s1_time_over,TIME_OVER,1046,runs/s1_time_over-046.jsonl,1,,0.000904,FAIL,PRED_FAIL;PRED_FAIL;N_TOO_LOW;PRED_FAIL,0.022658
s1_time_over-047,s1_time_over,TIME_OVER,1047,runs/s1_time_over-047.jsonl,1,,0.000887,FAIL,PRED_FAIL;PRED_FAIL;N_TOO_LOW;PRED_FAIL,0.022733
s1_time_over-048,s1_time_over,TIME_OVER,1048,runs/s1_time_over-048.jsonl,1,,0.000920,FAIL,PRED_FAIL;PRED_FAIL;N_TOO_LOW;PRED_FAIL,0.022294
s1_time_over-049,s1_time_over,TIME_OVER,1049,runs/s1_time_over-049.jsonl,1,,0.000898,FAIL,PRED_FAIL;PRED_FAIL;N_TOO_LOW;PRED_FAIL,0.022120
s1_time_under-000,s1_time_under,TIME_UNDER,1000,runs/s1_time_under-000.jsonl,0,HOLD_TOO_SHORT,0.000341,FAIL,PRED_FAIL;PRED_FAIL;TIME_UNDER;PRED_FAIL;N_TOO_LOW;PRED_FAIL,0.010276
s1_time_under-001,s1_time_under,TIME_UNDER,1001,runs/s1_time_under-001.jsonl,0,HOLD_TOO_SHORT,0.000363,FAIL,PRED_FAIL;PRED_FAIL;TIME_UNDER;PRED_FAIL;N_TOO_LOW;PRED_FAIL,0.010305
s1_time_under-002,s1_time_under,TIME_UNDER,1002,runs/s1_time_under-002.jsonl,0,HOLD_TOO_SHORT,0.000371,FAIL,PRED_FAIL;PRED_FAIL;TIME_UNDER;PRED_FAIL;N_TOO_LOW;PRED_FAIL,0.011068
s1_time_under-003,s1_time_under,TIME_UNDER,1003,runs/s1_time_under-003.jsonl,0,HOLD_TOO_SHORT,0.000338,FAIL,PRED_FAIL;PRED_FAIL;TIME_UNDER;PRED_FAIL;N_TOO_LOW;PRED_FAIL,0.010644
s1_time_under-004,s1_time_under,TIME_UNDER,1004,runs/s1_time_under-004.jsonl,0,HOLD_TOO_SHORT,0.000332,FAIL,PRED_FAIL;PRED_FAIL;TIME_UNDER;PRED_FAIL;N_TOO_LOW;PRED_FAIL,0.010520
s1_time_under-005,s1_time_under,TIME_UNDER,1005,runs/s1_time_under-005.jsonl,0,HOLD_TOO_SHORT,0.000371,FAIL,PRED_FAIL;PRED_FAIL;TIME_UNDER;PRED_FAIL;N_TOO_LOW;PRED_FAIL,0.010940
s1_time_under-006,s1_time_under,TIME_UNDER,1006,runs/s1_time_under-006.jsonl,0,HOLD_TOO_SHORT,0.000365,FAIL,PRED_FAIL;PRED_FAIL;TIME_UNDER;PRED_FAIL;N_TOO_LOW;PRED_FAIL,0.010893
s1_time_under-007,s1_time_under,TIME_UNDER,1007,runs/s1_time_under-007.jsonl,0,HOLD_TOO_SHORT,0.000343,FAIL,PRED_FAIL;PRED_FAIL;TIME_UNDER;PRED_FAIL;N_TOO_LOW;PRED_FAIL,0.010515
s1_time_under-008,s1_time_under,TIME_UNDER,1008,runs/s1_time_under-008.jsonl,0,HOLD_TOO_SHORT,0.000334,FAIL,PRED_FAIL;PRED_FAIL;TIME_UNDER;PRED_FAIL;N_TOO_LOW;PRED_FAIL,0.010947
s1_time_under-009,s1_time_under,TIME_UNDER,1009,runs/s1_time_under-009.jsonl,0,HOLD_TOO_SHORT,0.000338,FAIL,PRED_FAIL;PRED_FAIL;TIME_UNDER;PRED_FAIL;N_TOO_LOW;PRED_FAIL,0.010959
s1_time_under-010,s1_time_under,TIME_UNDER,1010,runs/s1_time_under-010.jsonl,0,HOLD_TOO_SHORT,0.000366,FAIL,PRED_FAIL;PRED_FAIL;TIME_UNDER;PRED_FAIL;N_TOO_LOW;PRED_FAIL,0.010513
s1_time_under-011,s1_time_under,TIME_UNDER,1011,runs/s1_time_under-011.jsonl,0,HOLD_TOO_SHORT,0.000326,FAIL,PRED_FAIL;PRED_FAIL;TIME_UNDER;PRED_FAIL;N_TOO_LOW;PRED_FAIL,0.010600
s1_time_under-012,s1_time_under,TIME_UNDER,1012,runs/s1_time_under-012.jsonl,0,HOLD_TOO_SHORT,0.000324,FAIL,PRED_FAIL;PRED_FAIL;TIME_UNDER;PRED_FAIL;N_TOO_LOW;PRED_FAIL,0.010837
s1_time_under-013,s1_time_under,TIME_UNDER,1013,runs/s1_time_under-013.jsonl,0,HOLD_TOO_SHORT,0.000329,FAIL,PRED_FAIL;PRED_FAIL;TIME_UNDER;PRED_FAIL;N_TOO_LOW;PRED_FAIL,0.010242
s1_time_under-014,s1_time_under,TIME_UNDER,1014,runs/s1_time_under-014.jsonl,0,HOLD_TOO_SHORT,0.000340,FAIL,PRED_FAIL;PRED_FAIL;TIME_UNDER;PRED_FAIL;N_TOO_LOW;PRED_FAIL,0.010580
s1_time_under-015,s1_time_under,TIME_UNDER,1015,runs/s1_time_under-015.jsonl,0,HOLD_TOO_SHORT,0.000331,FAIL,PRED_FAIL;PRED_FAIL;TIME_UNDER;PRED_FAIL;N_TOO_LOW;PRED_FAIL,0.010415
s1_time_under-016,s1_time_under,TIME_UNDER,1016,runs/s1_time_under-016.jsonl,0,HOLD_TOO_SHORT,0.000356,FAIL,PRED_FAIL;PRED_FAIL;TIME_UNDER;PRED_FAIL;N_TOO_LOW;PRED_FAIL,0.010283
s1_time_under-017,s1_time_under,TIME_UNDER,1017,runs/s1_time_under-017.jsonl,0,HOLD_TOO_SHORT,0.000342,FAIL,PRED_FAIL;PRED_FAIL;TIME_UNDER;PRED_FAIL;N_TOO_LOW;PRED_FAIL,0.010184
s1_time_under-018,s1_time_under,TIME_UNDER,1018,runs/s1_time_under-018.jsonl,0,HOLD_TOO_SHORT,0.000332,FAIL,PRED_FAIL;PRED_FAIL;TIME_UNDER;PRED_FAIL;N_TOO_LOW;PRED_FAIL,0.010326
s1_time_under-019,s1_time_under,TIME_UNDER,1019,runs/s1_time_under-019.jsonl,0,HOLD_TOO_SHORT,0.000315,FAIL,PRED_FAIL;PRED_FAIL;TIME_UNDER;PRED_FAIL;N_TOO_LOW;PRED_FAIL,0.010698
s1_time_under-020,s1_time_under,TIME_UNDER,1020,runs/s1_time_under-020.jsonl,0,HOLD_TOO_SHORT,0.000310,FAIL,PRED_FAIL;PRED_FAIL;TIME_UNDER;PRED_FAIL;N_TOO_LOW;PRED_FAIL,0.010583
s1_time_under-021,s1_time_under,TIME_UNDER,1021,runs/s1_time_under-021.jsonl,0,HOLD_TOO_SHORT,0.000418,FAIL,PRED_FAIL;PRED_FAIL;TIME_UNDER;PRED_FAIL;N_TOO_LOW;PRED_FAIL,0.012200
s1_time_under-022,s1_time_under,TIME_UNDER,1022,runs/s1_time_under-022.jsonl,0,HOLD_TOO_SHORT,0.000326,FAIL,PRED_FAIL;PRED_FAIL;TIME_UNDER;PRED_FAIL;N_TOO_LOW;PRED_FAIL,0.010179
s1_time_under-023,s1_time_under,TIME_UNDER,1023,runs/s1_time_under-023.jsonl,0,HOLD_TOO_SHORT,0.000475,FAIL,PRED_FAIL;PRED_FAIL;TIME_UNDER;PRED_FAIL;N_TOO_LOW;PRED_FAIL,0.010447
s1_time_under-024,s1_time_under,TIME_UNDER,1024,runs/s1_time_under-024.jsonl,0,HOLD_TOO_SHORT,0.000326,FAIL,PRED_FAIL;PRED_FAIL;TIME_UNDER;PRED_FAIL;N_TOO_LOW;PRED_FAIL,0.010150
s1_time_under-025,s1_time_under,TIME_UNDER,1025,runs/s1_time_under-025.jsonl,0,HOLD_TOO_SHORT,0.000452,FAIL,PRED_FAIL;PRED_FAIL;TIME_UNDER;PRED_FAIL;N_TOO_LOW;PRED_FAIL,0.010628
s1_time_under-026,s1_time_under,TIME_UNDER,1026,runs/s1_time_under-026.jsonl,0,HOLD_TOO_SHORT,0.000323,FAIL,PRED_FAIL;PRED_FAIL;TIME_UNDER;PRED_FAIL;N_TOO_LOW;PRED_FAIL,0.010903
s1_time_under-027,s1_time_under,TIME_UNDER,1027,runs/s1_time_under-027.jsonl,0,HOLD_TOO_SHORT,0.000311,FAIL,PRED_FAIL;PRED_FAIL;TIME_UNDER;PRED_FAIL;N_TOO_LOW;PRED_FAIL,0.010775
s1_time_under-028,s1_time_under,TIME_UNDER,1028,runs/s1_time_under-028.jsonl,0,HOLD_TOO_SHORT,0.000331,FAIL,PRED_FAIL;PRED_FAIL;TIME_UNDER;PRED_FAIL;N_TOO_LOW;PRED_FAIL,0.010356
s1_time_under-029,s1_time_under,TIME_UNDER,1029,runs/s1_time_under-029.jsonl,0,HOLD_TOO_SHORT,0.000326,FAIL,PRED_FAIL;PRED_FAIL;TIME_UNDER;PRED_FAIL;N_TOO_LOW;PRED_FAIL,0.011137
s1_time_under-030,s1_time_under,TIME_UNDER,1030,runs/s1_time_under-030.jsonl,0,HOLD_TOO_SHORT,0.000326,FAIL,PRED_FAIL;PRED_FAIL;TIME_UNDER;PRED_FAIL;N_TOO_LOW;PRED_FAIL,0.010334
s1_time_under-031,s1_time_under,TIME_UNDER,1031,runs/s1_time_under-031.jsonl,0,HOLD_TOO_SHORT,0.000466,FAIL,PRED_FAIL;PRED_FAIL;TIME_UNDER;PRED_FAIL;N_TOO_LOW;PRED_FAIL,0.010467
s1_time_under-032,s1_time_under,TIME_UNDER,1032,runs/s1_time_under-032.jsonl,0,HOLD_TOO_SHORT,0.000327,FAIL,PRED_FAIL;PRED_FAIL;TIME_UNDER;PRED_FAIL;N_TOO_LOW;PRED_FAIL,0.010798
s1_time_under-033,s1_time_under,TIME_UNDER,1033,runs/s1_time_under-033.jsonl,0,HOLD_TOO_SHORT,0.000371,FAIL,PRED_FAIL;PRED_FAIL;TIME_UNDER;PRED_FAIL;N_TOO_LOW;PRED_FAIL,0.010573
s1_time_under-034,s1_time_under,TIME_UNDER,1034,runs/s1_time_under-034.jsonl,0,HOLD_TOO_SHORT,0.000314,FAIL,PRED_FAIL;PRED_FAIL;TIME_UNDER;PRED_FAIL;N_TOO_LOW;PRED_FAIL,0.010124
s1_time_under-035,s1_time_under,TIME_UNDER,1035,runs/s1_time_under-035.jsonl,0,HOLD_TOO_SHORT,0.000356,FAIL,PRED_FAIL;PRED_FAIL;TIME_UNDER;PRED_FAIL;N_TOO_LOW;PRED_FAIL,0.010096
s1_time_under-036,s1_time_under,TIME_UNDER,1036,runs/s1_time_under-036.jsonl,0,HOLD_TOO_SHORT,0.000329,FAIL,PRED_FAIL;PRED_FAIL;TIME_UNDER;PRED_FAIL;N_TOO_LOW;PRED_FAIL,0.010486
s1_time_under-037,s1_time_under,TIME_UNDER,1037,runs/s1_time_under-037.jsonl,0,HOLD_TOO_SHORT,0.000318,FAIL,PRED_FAIL;PRED_FAIL;TIME_UNDER;PRED_FAIL;N_TOO_LOW;PRED_FAIL,0.010954
s1_time_under-038,s1_time_under,TIME_UNDER,1038,runs/s1_time_under-038.jsonl,0,HOLD_TOO_SHORT,0.000336,FAIL,PRED_FAIL;PRED_FAIL;TIME_UNDER;PRED_FAIL;N_TOO_LOW;PRED_FAIL,0.010177
s1_time_under-039,s1_time_under,TIME_UNDER,1039,runs/s1_time_under-039.jsonl,0,HOLD_TOO_SHORT,0.000316,FAIL,PRED_FAIL;PRED_FAIL;TIME_UNDER;PRED_FAIL;N_TOO_LOW;PRED_FAIL,0.010214
s1_time_under-040,s1_time_under,TIME_UNDER,1040,runs/s1_time_under-040.jsonl,0,HOLD_TOO_SHORT,0.000341,FAIL,PRED_FAIL;PRED_FAIL;TIME_UNDER;PRED_FAIL;N_TOO_LOW;PRED_FAIL,0.010774
s1_time_under-041,s1_time_under,TIME_UNDER,1041,runs/s1_time_under-041.jsonl,0,HOLD_TOO_SHORT,0.000335,FAIL,PRED_FAIL;PRED_FAIL;TIME_UNDER;PRED_FAIL;N_TOO_LOW;PRED_FAIL,0.010401
s1_time_under-042,s1_time_under,TIME_UNDER,1042,runs/s1_time_under-042.jsonl,0,HOLD_TOO_SHORT,0.000314,FAIL,PRED_FAIL;PRED_FAIL;TIME_UNDER;PRED_FAIL;N_TOO_LOW;PRED_FAIL,0.011253
s1_time_under-043,s1_time_under,TIME_UNDER,1043,runs/s1_time_under-043.jsonl,0,HOLD_TOO_SHORT,0.000332,FAIL,PRED_FAIL;PRED_FAIL;TIME_UNDER;PRED_FAIL;N_TOO_LOW;PRED_FAIL,0.010225
s1_time_under-044,s1_time_under,TIME_UNDER,1044,runs/s1_time_under-044.jsonl,0,HOLD_TOO_SHORT,0.000360,FAIL,PRED_FAIL;PRED_FAIL;TIME_UNDER;PRED_FAIL;N_TOO_LOW;PRED_FAIL,0.010424
s1_time_under-045,s1_time_under,TIME_UNDER,1045,runs/s1_time_under-045.jsonl,0,HOLD_TOO_SHORT,0.000353,FAIL,PRED_FAIL;PRED_FAIL;TIME_UNDER;PRED_FAIL;N_TOO_LOW;PRED_FAIL,0.010434
s1_time_under-046,s1_time_under,TIME_UNDER,1046,runs/s1_time_under-046.jsonl,0,HOLD_TOO_SHORT,0.000294,FAIL,PRED_FAIL;PRED_FAIL;TIME_UNDER;PRED_FAIL;N_TOO_LOW;PRED_FAIL,0.010902
s1_time_under-047,s1_time_under,TIME_UNDER,1047,runs/s1_time_under-047.jsonl,0,HOLD_TOO_SHORT,0.000342,FAIL,PRED_FAIL;PRED_FAIL;TIME_UNDER;PRED_FAIL;N_TOO_LOW;PRED_FAIL,0.010382
s1_time_under-048,s1_time_under,TIME_UNDER,1048,runs/s1_time_under-048.jsonl,0,HOLD_TOO_SHORT,0.000437,FAIL,PRED_FAIL;PRED_FAIL;TIME_UNDER;PRED_FAIL;N_TOO_LOW;PRED_FAIL,0.010719
s1_time_under-049,s1_time_under,TIME_UNDER,1049,runs/s1_time_under-049.jsonl,0,HOLD_TOO_SHORT,0.000322,FAIL,PRED_FAIL;PRED_FAIL;TIME_UNDER;PRED_FAIL;N_TOO_LOW;PRED_FAIL,0.010366
